#
# A fatal error has been detected by the Java Runtime Environment:
#
#  Internal Error (signals_posix.cpp:1793), pid=8816, tid=8883
#  Error: ShouldNotReachHere()
#
# JRE version: OpenJDK Runtime Environment (25.0.3+9) (build 25.0.3+9-2-24.04.2-Ubuntu)
# Java VM: OpenJDK 64-Bit Server VM (25.0.3+9-2-24.04.2-Ubuntu, mixed mode, sharing, tiered, compressed oops, compressed class ptrs, g1 gc, linux-amd64)
# Problematic frame:
# V  [libjvm.so+0x107279b]  SuspendedThreadTask::internal_do_task()+0x10b
#
# Core dump will be written. Default location: Determined by the following: "/usr/lib/systemd/systemd-coredump %P %u %g %s %t 9223372036854775808 %h %d" (alternatively, falling back to /home/medion/Repo/juno/core.8816)
#
# JFR recording file will be written. Location: /home/medion/Repo/juno/hs_err_pid8816.jfr
#
# If you would like to submit a bug report, please visit:
#   https://bugs.launchpad.net/ubuntu/+source/openjdk-25
#

---------------  S U M M A R Y ------------

Command Line: --enable-preview --enable-native-access=ALL-UNNAMED --add-opens=java.base/java.lang=ALL-UNNAMED --add-opens=java.base/java.nio=ALL-UNNAMED --add-modules=jdk.incubator.vector -XX:+UseG1GC -XX:+AlwaysPreTouch -Xms512m -Xmx4g -Djuno.byteOrder=BE /home/medion/Repo/juno/juno-player/target/juno-player-0.1.2-shaded.jar --model-path models/tinyllama-1.1b-chat-v1.0.Q4_K_M.gguf --dtype FLOAT16 --byteOrder BE --max-tokens 200 --temperature 0 --top-k 50 --top-p 0.9 --nodes 1 --local --gpu --jfr 2m --lora-play models/tinyllama-1.1b-chat-v1.0.Q4_K_M.lora --mmq on

Host: Intel(R) Xeon(R) CPU E5-1650 v2 @ 3.50GHz, 12 cores, 62G, Linux Mint 22.3 Zena
Time: Fri Sep  4 22:10:45 2026 CDT elapsed time: 0.556382 seconds (0d 0h 0m 0s)

---------------  T H R E A D  ---------------

Current thread (0x00007f56312114c0):  JfrSamplerThread "JFR Sampler Thread" [id=8883, stack(0x00007f55f9e00000,0x00007f55f9f00000) (1024K)] _threads_hazard_ptr=0x00007f5631213930

Stack: [0x00007f55f9e00000,0x00007f55f9f00000],  sp=0x00007f55f9efecf0,  free space=1019k
Native frames: (J=compiled Java code, j=interpreted, Vv=VM code, C=native code)
V  [libjvm.so+0x107279b]  SuspendedThreadTask::internal_do_task()+0x10b  (signals_posix.cpp:1793)
V  [libjvm.so+0xa7715d]  JfrSamplerThread::sample_java_thread(JavaThread*) [clone .part.0]+0x2d
V  [libjvm.so+0xa77b33]  JfrSamplerThread::run()+0x463
V  [libjvm.so+0x1187a37]  Thread::call_run()+0xa7
V  [libjvm.so+0xe14346]  thread_native_entry(Thread*)+0xd6
C  [libc.so.6+0x9cb84]
Registers:
RAX=0x00007f56366a6000, RBX=0x00007f55f9efed30, RCX=0x00007f563649eba0, RDX=0x0000000000000000
RSP=0x00007f55f9efecf0, RBP=0x00007f55f9efed20, RSI=0x0000000000000701, RDI=0x00007f5635f78c28
R8 =0x0000000000000000, R9 =0x0000000000000000, R10=0x0000000000000008, R11=0x0000000000000246
R12=0x00007f563001c9f0, R13=0x00007f563001ca88, R14=0x00007f563001a0f0, R15=0x00007f56312114c0
RIP=0x00007f5635c7279b, EFLAGS=0x0000000000010202, CSGSFS=0x002b000000000033, ERR=0x0000000000000006
  TRAPNO=0x000000000000000e

XMM[0]=0x6e695f6461657268 0x745f0f03080101b5
XMM[1]=0x6176614a5f6e695f 0x6461657268745f0f
XMM[2]=0x0000000000000000 0x0000000000000000
XMM[3]=0x0000000000000000 0x0000000000000000
XMM[4]=0xff00000000000000 0x0000000000000000
XMM[5]=0x00007f5594000ba0 0x0000000000100000
XMM[6]=0x00007f5636812c17 0x00007f55f9efee60
XMM[7]=0x00007f56362d7ca8 0x0000000000000004
XMM[8]=0x00000080c4814878 0x24448b4870244c8b
XMM[9]=0x0000000000000000 0x0000000000000001
XMM[10]=0x0000000000000000 0xffffffffffffffff
XMM[11]=0x0000000000000000 0x0000000000000001
XMM[12]=0x0000000000000000 0x0000000000000001
XMM[13]=0x0000000000000000 0x0000000000000000
XMM[14]=0x0000000000000000 0x0000000000000000
XMM[15]=0x0000000000000000 0xcafebabecafebabe
  MXCSR=0x00001fa2


Register to memory mapping:

RAX=0x00007f56366a6000 points into unknown readable memory: 0x0000000000000058 | 58 00 00 00 00 00 00 00
RBX=0x00007f55f9efed30 points into unknown readable memory: 0x00007f56361ff5e8 | e8 f5 1f 36 56 7f 00 00
RCX=0x00007f563649eba0: pthread_kill+0x00000000000000b0 in /usr/lib/x86_64-linux-gnu/libc.so.6 at 0x00007f5636400000
RDX=0x0 is null
RSP=0x00007f55f9efecf0 points into unknown readable memory: 0x0000000000000014 | 14 00 00 00 00 00 00 00
RBP=0x00007f55f9efed20 points into unknown readable memory: 0x00007f55f9efed60 | 60 ed ef f9 55 7f 00 00
RSI=0x0000000000000701 is an unknown value
RDI=0x00007f5635f78c28: <offset 0x0000000001378c28> in /usr/lib/jvm/java-25-openjdk-amd64/lib/server/libjvm.so at 0x00007f5634c00000
R8 =0x0 is null
R9 =0x0 is null
R10=0x0000000000000008 is an unknown value
R11=0x0000000000000246 is an unknown value
R12=0x00007f563001c9f0 points into unknown readable memory: 0x00007f5636205590 | 90 55 20 36 56 7f 00 00
R13=0x00007f563001ca88 points into unknown readable memory: 0x0000000000000001 | 01 00 00 00 00 00 00 00
R14=0x00007f563001a0f0 is a thread
R15=0x00007f56312114c0 points into unknown readable memory: 0x00007f56362cd270 | 70 d2 2c 36 56 7f 00 00

Top of Stack: (sp=0x00007f55f9efecf0)
0x00007f55f9efecf0:   0000000000000014 000000000000000a   ................
0x00007f55f9efed00:   00007f563001a0f0 0000000000000014   ...0V...........
0x00007f55f9efed10:   000000000000000a 00007f563001a0f0   ...........0V...
0x00007f55f9efed20:   00007f55f9efed60 00007f563567715d   `...U...]qg5V...
0x00007f55f9efed30:   00007f56361ff5e8 00007f563001a0f0   ...6V......0V...
0x00007f55f9efed40:   00007f5500000000 00007f56359bfb3f   ....U...?..5V...
0x00007f55f9efed50:   00007f563001a0f0 0000000000000014   ...0V...........
0x00007f55f9efed60:   00007f55f9efee30 00007f5635677b33   0...U...3{g5V...
0x00007f55f9efed70:   00007f563634d188 00007f55f9efedc0   ..46V.......U...
0x00007f55f9efed80:   00007f55f9efeda0 0000000000000e10   ....U...........
0x00007f55f9efed90:   00000000000b69ae 00007f5631211920   .i...... .!1V...
0x00007f55f9efeda0:   0000000000000000 0000000020ef4564   ........dE. ....
0x00007f55f9efedb0:   00007f56302bfd01 00007f56302bfdee   ..+0V.....+0V...
0x00007f55f9efedc0:   0000000000000000 00007f56312114c0   ..........!1V...
0x00007f55f9efedd0:   00007f5631213930 4bbeb70966b60101   09!1V......f...K
0x00007f55f9efede0:   0000000000000000 00007f55f9e00000   ............U...
0x00007f55f9efedf0:   0000000000100000 000000000000000b   ................
0x00007f55f9efee00:   00007f55f9efee30 00007f56312114c0   0...U.....!1V...
0x00007f55f9efee10:   00007f55f9e00000 0000000000100000   ....U...........
0x00007f55f9efee20:   000000000000000b 00007f5634bfdc60   ........`..4V...
0x00007f55f9efee30:   00007f55f9efee90 00007f5635d87a37   ....U...7z.5V...
0x00007f55f9efee40:   00007f563029f068 00007f56312114c0   h.)0V.....!1V...
0x00007f55f9efee50:   00007f563029f010 0000000000000000   ..)0V...........
0x00007f55f9efee60:   00007f55f9efee90 00007f56359bfd8d   ....U......5V...
0x00007f55f9efee70:   00007f563029f010 00007f56302739a0   ..)0V....9'0V...
0x00007f55f9efee80:   00007f563029f010 00007f56312114c0   ..)0V.....!1V...
0x00007f55f9efee90:   00007f55f9efeec0 00007f5635a14346   ....U...FC.5V...
0x00007f55f9efeea0:   0000000000000000 00007f55f9effcdc   ............U...
0x00007f55f9efeeb0:   00007f55f9eff6c0 ffffffffffffff88   ....U...........
0x00007f55f9efeec0:   00007f55f9efef70 00007f563649cb84   p...U.....I6V...
0x00007f55f9efeed0:   0000000000000000 00007f55f9eff6c0   ............U...
0x00007f55f9efeee0:   00007f55f9eff6c0 f7b3a773ec42da9f   ....U.....B.s...

Instructions: (pc=0x00007f5635c7279b)
  0x00007f5635c7269b:   00 48 89 e5 41 56 41 55 41 54 53 48 89 fb 48 83
  0x00007f5635c726ab:   ec 10 48 8b 47 08 4c 8b a0 f8 03 00 00 4d 8d ac
  0x00007f5635c726bb:   24 98 00 00 00 4c 89 ef e8 28 fb 0b 00 83 f8 01
  0x00007f5635c726cb:   0f 85 d2 00 00 00 49 8b 7c 24 10 8b 35 a4 b3 67
  0x00007f5635c726db:   00 e8 ef 83 26 ff 85 c0 0f 85 9c 00 00 00 4c 8d
  0x00007f5635c726eb:   35 b0 31 6e 00 be 02 00 00 00 4c 89 f7 e8 43 1f
  0x00007f5635c726fb:   e6 ff 84 c0 74 5f 41 8b 84 24 98 00 00 00 83 f8
  0x00007f5635c7270b:   02 0f 85 af 00 00 00 48 8b 43 08 48 89 df 48 8d
  0x00007f5635c7271b:   75 d0 48 8b 90 f8 03 00 00 66 48 0f 6e c0 48 8b
  0x00007f5635c7272b:   03 0f 16 82 a8 00 00 00 0f 29 45 d0 ff 10 48 8b
  0x00007f5635c7273b:   43 08 48 8b b8 f8 03 00 00 e8 a7 fe ff ff 48 83
  0x00007f5635c7274b:   c4 10 5b 41 5c 41 5d 41 5e 5d c3 66 2e 0f 1f 84
  0x00007f5635c7275b:   00 00 00 00 00 31 d2 be 01 00 00 00 4c 89 ef e8
  0x00007f5635c7276b:   81 fa 0b 00 85 c0 74 d6 83 f8 02 75 77 4c 89 f7
  0x00007f5635c7277b:   e8 30 1e e6 ff e9 7c ff ff ff 48 8d 05 ec b0 66
  0x00007f5635c7278b:   00 be 01 07 00 00 48 8d 3d 90 64 30 00 48 8b 00
=>0x00007f5635c7279b:   c6 00 58 e8 2d 6d 6f ff 48 8d 05 ce b0 66 00 be
  0x00007f5635c727ab:   fc 06 00 00 48 8d 3d 72 64 30 00 48 8b 00 c6 00
  0x00007f5635c727bb:   58 e8 0f 6d 6f ff 48 8d 05 b0 b0 66 00 48 8d 0d
  0x00007f5635c727cb:   8b e8 29 00 48 8d 15 fa 64 30 00 be 18 07 00 00
  0x00007f5635c727db:   48 8d 3d 46 64 30 00 48 8b 00 c6 00 58 31 c0 e8
  0x00007f5635c727eb:   d1 68 6f ff 48 8d 05 82 b0 66 00 be 12 07 00 00
  0x00007f5635c727fb:   48 8d 3d 26 64 30 00 48 8b 00 c6 00 58 e8 c3 6c
  0x00007f5635c7280b:   6f ff 0f 1f 00 55 48 8d 35 54 e8 29 00 31 ff 48
  0x00007f5635c7281b:   89 e5 41 55 41 54 53 48 81 ec 48 01 00 00 e8 62
  0x00007f5635c7282b:   79 26 ff 48 89 c3 48 85 c0 0f 84 1e 01 00 00 48
  0x00007f5635c7283b:   8d 35 44 e8 29 00 31 ff e8 48 79 26 ff 48 8d 35
  0x00007f5635c7284b:   4d e8 29 00 31 ff 49 89 c4 e8 37 79 26 ff c6 05
  0x00007f5635c7285b:   68 30 6e 00 01 48 89 05 59 30 6e 00 ff d3 4c 89
  0x00007f5635c7286b:   e3 bf 0b 00 00 00 e8 6a e5 ff ff bf 0d 00 00 00
  0x00007f5635c7287b:   e8 60 e5 ff ff bf 07 00 00 00 e8 56 e5 ff ff bf
  0x00007f5635c7288b:   04 00 00 00 e8 4c e5 ff ff bf 08 00 00 00 e8 42


Stack slot to memory mapping:

stack at sp + 0 slots: 0x0000000000000014 is an unknown value
stack at sp + 1 slots: 0x000000000000000a is an unknown value
stack at sp + 2 slots: 0x00007f563001a0f0 is a thread
stack at sp + 3 slots: 0x0000000000000014 is an unknown value
stack at sp + 4 slots: 0x000000000000000a is an unknown value
stack at sp + 5 slots: 0x00007f563001a0f0 is a thread
stack at sp + 6 slots: 0x00007f55f9efed60 points into unknown readable memory: 0x00007f55f9efee30 | 30 ee ef f9 55 7f 00 00
stack at sp + 7 slots: 0x00007f563567715d: <offset 0x0000000000a7715d> in /usr/lib/jvm/java-25-openjdk-amd64/lib/server/libjvm.so at 0x00007f5634c00000


---------------  P R O C E S S  ---------------

Threads class SMR info:
_java_thread_list=0x00007f5631213930, length=14, elements={
0x00007f563001a0f0, 0x00007f5630142e00, 0x00007f5630143ff0, 0x00007f5630145b80,
0x00007f56301474b0, 0x00007f5630148d40, 0x00007f563014ab50, 0x00007f563014c500,
0x00007f5630196300, 0x00007f5630198850, 0x00007f55a80d8100, 0x00007f56311f07e0,
0x00007f55a85bef90, 0x00007f5631212860
}

Java Threads: ( => current thread )
  0x00007f563001a0f0 JavaThread "main"                              [_thread_in_Java, id=8846, stack(0x00007f5634b00000,0x00007f5634c00000) (1024K)]
  0x00007f5630142e00 JavaThread "Reference Handler"          daemon [_thread_blocked, id=8866, stack(0x00007f55fb5f7000,0x00007f55fb6f7000) (1024K)]
  0x00007f5630143ff0 JavaThread "Finalizer"                  daemon [_thread_blocked, id=8867, stack(0x00007f55fb2f4000,0x00007f55fb3f4000) (1024K)]
  0x00007f5630145b80 JavaThread "Signal Dispatcher"          daemon [_thread_blocked, id=8868, stack(0x00007f55fa900000,0x00007f55faa00000) (1024K)]
  0x00007f56301474b0 JavaThread "Service Thread"             daemon [_thread_blocked, id=8869, stack(0x00007f55fa800000,0x00007f55fa900000) (1024K)]
  0x00007f5630148d40 JavaThread "Monitor Deflation Thread"   daemon [_thread_blocked, id=8870, stack(0x00007f55fa700000,0x00007f55fa800000) (1024K)]
  0x00007f563014ab50 JavaThread "C2 CompilerThread0"         daemon [_thread_blocked, id=8871, stack(0x00007f55fa600000,0x00007f55fa700000) (1024K)]
  0x00007f563014c500 JavaThread "C1 CompilerThread0"         daemon [_thread_in_native, id=8872, stack(0x00007f55fa500000,0x00007f55fa600000) (1024K)]
  0x00007f5630196300 JavaThread "Notification Thread"        daemon [_thread_blocked, id=8873, stack(0x00007f55fa400000,0x00007f55fa500000) (1024K)]
  0x00007f5630198850 JavaThread "Common-Cleaner"             daemon [_thread_blocked, id=8874, stack(0x00007f55fa300000,0x00007f55fa400000) (1024K)]
  0x00007f55a80d8100 JavaThread "C2 CompilerThread1"         daemon [_thread_in_native, id=8875, stack(0x00007f55fa200000,0x00007f55fa300000) (1024K)]
  0x00007f56311f07e0 JavaThread "JFR Recorder Thread"        daemon [_thread_in_native, id=8880, stack(0x00007f55fa100000,0x00007f55fa200000) (1024K)]
  0x00007f55a85bef90 JavaThread "C2 CompilerThread2"         daemon [_thread_blocked, id=8881, stack(0x00007f55fa000000,0x00007f55fa100000) (1024K)]
  0x00007f5631212860 JavaThread "JFR Periodic Tasks"         daemon [_thread_blocked, id=8882, stack(0x00007f55f9f00000,0x00007f55fa000000) (1024K)]
Total: 14

Other Threads:
  0x00007f5630137fe0 VMThread "VM Thread"                           [id=8865, stack(0x00007f55fb4f6000,0x00007f55fb5f6000) (1024K)]
  0x00007f5630127870 WatcherThread "VM Periodic Task Thread"        [id=8864, stack(0x00007f55fb3f5000,0x00007f55fb4f5000) (1024K)]
  0x00007f563008b3f0 WorkerThread "GC Thread#0"                     [id=8847, stack(0x00007f5618075000,0x00007f5618175000) (1024K)]
  0x00007f56300e5df0 WorkerThread "GC Thread#1"                     [id=8850, stack(0x00007f56101f7000,0x00007f56102f7000) (1024K)]
  0x00007f56300e6f40 WorkerThread "GC Thread#2"                     [id=8851, stack(0x00007f56100f6000,0x00007f56101f6000) (1024K)]
  0x00007f56300e8090 WorkerThread "GC Thread#3"                     [id=8852, stack(0x00007f55fbf00000,0x00007f55fc000000) (1024K)]
  0x00007f56300e91e0 WorkerThread "GC Thread#4"                     [id=8853, stack(0x00007f55fbdff000,0x00007f55fbeff000) (1024K)]
  0x00007f56300ea330 WorkerThread "GC Thread#5"                     [id=8854, stack(0x00007f55fbcfe000,0x00007f55fbdfe000) (1024K)]
  0x00007f56300eb480 WorkerThread "GC Thread#6"                     [id=8855, stack(0x00007f55fbbfd000,0x00007f55fbcfd000) (1024K)]
  0x00007f56300ec5d0 WorkerThread "GC Thread#7"                     [id=8856, stack(0x00007f55fbafc000,0x00007f55fbbfc000) (1024K)]
  0x00007f56300ed720 WorkerThread "GC Thread#8"                     [id=8857, stack(0x00007f55fb9fb000,0x00007f55fbafb000) (1024K)]
  0x00007f56300ee870 WorkerThread "GC Thread#9"                     [id=8858, stack(0x00007f55fb8fa000,0x00007f55fb9fa000) (1024K)]
  0x00007f56300a4cb0 ConcurrentGCThread "G1 Main Marker"            [id=8848, stack(0x00007f5612f00000,0x00007f5613000000) (1024K)]
  0x00007f56300a5e90 WorkerThread "G1 Conc#0"                       [id=8849, stack(0x00007f5612dff000,0x00007f5612eff000) (1024K)]
  0x00007f5630117ab0 ConcurrentGCThread "G1 Refine#0"               [id=8859, stack(0x00007f55fb7f9000,0x00007f55fb8f9000) (1024K)]
  0x00007f5630118cb0 ConcurrentGCThread "G1 Service"                [id=8860, stack(0x00007f55fb6f8000,0x00007f55fb7f8000) (1024K)]

=>0x00007f56312114c0 (exited) JfrSamplerThread "JFR Sampler Thread" [id=8883, stack(0x00007f55f9e00000,0x00007f55f9f00000) (1024K)]
Total: 17

Threads with active compile tasks:
C1 CompilerThread0  563 1488       3       java.lang.classfile.instruction.StackInstruction::of (16 bytes)
C2 CompilerThread1  563 1447       4       jdk.internal.classfile.impl.SplitConstantPool::utf8Entry (45 bytes)
Total: 2

VM state: not at safepoint (normal execution)

VM Mutex/Monitor currently owned by a thread:  ([mutex/lock_event])
[0x00007f563634d188] Threads_lock - owner thread: 0x00007f56312114c0

Heap address: 0x0000000700000000, size: 4096 MB, Compressed Oops mode: Zero based, Oop shift amount: 3

CDS archive(s) mapped at: [0x0000000099000000-0x0000000099d8d000-0x0000000099d8d000), size 14209024, SharedBaseAddress: 0x0000000099000000, ArchiveRelocationMode: 1.
Compressed class space mapped at: 0x000000009a000000-0x00000000da000000, reserved size: 1073741824
UseCompressedClassPointers 1, UseCompactObjectHeaders 0
Narrow klass pointer bits 32, Max shift 3
Narrow klass base: 0x0000000099000000, Narrow klass shift: 0
Encoding Range: [0x0000000099000000 - 0x0000000199000000), (4294967296 bytes)
Klass Range:    [0x0000000099001000 - 0x00000000da000000), (1090514944 bytes)
Klass ID Range:  [4096 - 1090519033) (1090514937)
Protection zone: [0x0000000099000000 - 0x0000000099001000), (4096 bytes)

GC Precious Log:
 CardTable entry size: 512
 Card Set container configuration: InlinePtr #cards 4 size 8 Array Of Cards #cards 16 size 48 Howl #buckets 8 coarsen threshold 3686 Howl Bitmap #cards 512 size 80 coarsen threshold 460 Card regions per heap region 1 cards per card region 4096
 CPUs: 12 total, 12 available
 Memory: 64242M
 Large Page Support: Disabled
 NUMA Support: Disabled
 Compressed Oops: Enabled (Zero based)
 Heap Region Size: 2M
 Heap Min Capacity: 512M
 Heap Initial Capacity: 512M
 Heap Max Capacity: 4G
 Pre-touch: Enabled
 Parallel Workers: 10
 Concurrent Workers: 3
 Concurrent Refinement Workers: 10
 Periodic GC: Disabled

Heap:
 garbage-first heap   total reserved 4194304K, committed 526336K, used 25732K [0x0000000700000000, 0x0000000800000000)
  region size 2048K, 11 young (22528K), 0 survivors (0K)

Heap Regions: E=young(eden), S=young(survivor), O=old, HS=humongous(starts), HC=humongous(continues), CS=collection set, F=free, TAMS=top-at-mark-start, PB=parsable bottom
|   0|0x0000000700000000, 0x0000000700200000, 0x0000000700200000|100%|HS|  |TAMS 0x0000000700000000| PB 0x0000000700000000| Complete |  0
|   1|0x0000000700200000, 0x0000000700400000, 0x0000000700400000|100%|HC|  |TAMS 0x0000000700200000| PB 0x0000000700200000| Complete |  0
|   2|0x0000000700400000, 0x0000000700400000, 0x0000000700600000|  0%| F|  |TAMS 0x0000000700400000| PB 0x0000000700400000| Untracked |  0
|   3|0x0000000700600000, 0x0000000700600000, 0x0000000700800000|  0%| F|  |TAMS 0x0000000700600000| PB 0x0000000700600000| Untracked |  0
|   4|0x0000000700800000, 0x0000000700800000, 0x0000000700a00000|  0%| F|  |TAMS 0x0000000700800000| PB 0x0000000700800000| Untracked |  0
|   5|0x0000000700a00000, 0x0000000700a00000, 0x0000000700c00000|  0%| F|  |TAMS 0x0000000700a00000| PB 0x0000000700a00000| Untracked |  0
|   6|0x0000000700c00000, 0x0000000700c00000, 0x0000000700e00000|  0%| F|  |TAMS 0x0000000700c00000| PB 0x0000000700c00000| Untracked |  0
|   7|0x0000000700e00000, 0x0000000700e00000, 0x0000000701000000|  0%| F|  |TAMS 0x0000000700e00000| PB 0x0000000700e00000| Untracked |  0
|   8|0x0000000701000000, 0x0000000701000000, 0x0000000701200000|  0%| F|  |TAMS 0x0000000701000000| PB 0x0000000701000000| Untracked |  0
|   9|0x0000000701200000, 0x0000000701200000, 0x0000000701400000|  0%| F|  |TAMS 0x0000000701200000| PB 0x0000000701200000| Untracked |  0
|  10|0x0000000701400000, 0x0000000701400000, 0x0000000701600000|  0%| F|  |TAMS 0x0000000701400000| PB 0x0000000701400000| Untracked |  0
|  11|0x0000000701600000, 0x0000000701600000, 0x0000000701800000|  0%| F|  |TAMS 0x0000000701600000| PB 0x0000000701600000| Untracked |  0
|  12|0x0000000701800000, 0x0000000701800000, 0x0000000701a00000|  0%| F|  |TAMS 0x0000000701800000| PB 0x0000000701800000| Untracked |  0
|  13|0x0000000701a00000, 0x0000000701a00000, 0x0000000701c00000|  0%| F|  |TAMS 0x0000000701a00000| PB 0x0000000701a00000| Untracked |  0
|  14|0x0000000701c00000, 0x0000000701c00000, 0x0000000701e00000|  0%| F|  |TAMS 0x0000000701c00000| PB 0x0000000701c00000| Untracked |  0
|  15|0x0000000701e00000, 0x0000000701e00000, 0x0000000702000000|  0%| F|  |TAMS 0x0000000701e00000| PB 0x0000000701e00000| Untracked |  0
|  16|0x0000000702000000, 0x0000000702000000, 0x0000000702200000|  0%| F|  |TAMS 0x0000000702000000| PB 0x0000000702000000| Untracked |  0
|  17|0x0000000702200000, 0x0000000702200000, 0x0000000702400000|  0%| F|  |TAMS 0x0000000702200000| PB 0x0000000702200000| Untracked |  0
|  18|0x0000000702400000, 0x0000000702400000, 0x0000000702600000|  0%| F|  |TAMS 0x0000000702400000| PB 0x0000000702400000| Untracked |  0
|  19|0x0000000702600000, 0x0000000702600000, 0x0000000702800000|  0%| F|  |TAMS 0x0000000702600000| PB 0x0000000702600000| Untracked |  0
|  20|0x0000000702800000, 0x0000000702800000, 0x0000000702a00000|  0%| F|  |TAMS 0x0000000702800000| PB 0x0000000702800000| Untracked |  0
|  21|0x0000000702a00000, 0x0000000702a00000, 0x0000000702c00000|  0%| F|  |TAMS 0x0000000702a00000| PB 0x0000000702a00000| Untracked |  0
|  22|0x0000000702c00000, 0x0000000702c00000, 0x0000000702e00000|  0%| F|  |TAMS 0x0000000702c00000| PB 0x0000000702c00000| Untracked |  0
|  23|0x0000000702e00000, 0x0000000702e00000, 0x0000000703000000|  0%| F|  |TAMS 0x0000000702e00000| PB 0x0000000702e00000| Untracked |  0
|  24|0x0000000703000000, 0x0000000703000000, 0x0000000703200000|  0%| F|  |TAMS 0x0000000703000000| PB 0x0000000703000000| Untracked |  0
|  25|0x0000000703200000, 0x0000000703200000, 0x0000000703400000|  0%| F|  |TAMS 0x0000000703200000| PB 0x0000000703200000| Untracked |  0
|  26|0x0000000703400000, 0x0000000703400000, 0x0000000703600000|  0%| F|  |TAMS 0x0000000703400000| PB 0x0000000703400000| Untracked |  0
|  27|0x0000000703600000, 0x0000000703600000, 0x0000000703800000|  0%| F|  |TAMS 0x0000000703600000| PB 0x0000000703600000| Untracked |  0
|  28|0x0000000703800000, 0x0000000703800000, 0x0000000703a00000|  0%| F|  |TAMS 0x0000000703800000| PB 0x0000000703800000| Untracked |  0
|  29|0x0000000703a00000, 0x0000000703a00000, 0x0000000703c00000|  0%| F|  |TAMS 0x0000000703a00000| PB 0x0000000703a00000| Untracked |  0
|  30|0x0000000703c00000, 0x0000000703c00000, 0x0000000703e00000|  0%| F|  |TAMS 0x0000000703c00000| PB 0x0000000703c00000| Untracked |  0
|  31|0x0000000703e00000, 0x0000000703e00000, 0x0000000704000000|  0%| F|  |TAMS 0x0000000703e00000| PB 0x0000000703e00000| Untracked |  0
|  32|0x0000000704000000, 0x0000000704000000, 0x0000000704200000|  0%| F|  |TAMS 0x0000000704000000| PB 0x0000000704000000| Untracked |  0
|  33|0x0000000704200000, 0x0000000704200000, 0x0000000704400000|  0%| F|  |TAMS 0x0000000704200000| PB 0x0000000704200000| Untracked |  0
|  34|0x0000000704400000, 0x0000000704400000, 0x0000000704600000|  0%| F|  |TAMS 0x0000000704400000| PB 0x0000000704400000| Untracked |  0
|  35|0x0000000704600000, 0x0000000704600000, 0x0000000704800000|  0%| F|  |TAMS 0x0000000704600000| PB 0x0000000704600000| Untracked |  0
|  36|0x0000000704800000, 0x0000000704800000, 0x0000000704a00000|  0%| F|  |TAMS 0x0000000704800000| PB 0x0000000704800000| Untracked |  0
|  37|0x0000000704a00000, 0x0000000704a00000, 0x0000000704c00000|  0%| F|  |TAMS 0x0000000704a00000| PB 0x0000000704a00000| Untracked |  0
|  38|0x0000000704c00000, 0x0000000704c00000, 0x0000000704e00000|  0%| F|  |TAMS 0x0000000704c00000| PB 0x0000000704c00000| Untracked |  0
|  39|0x0000000704e00000, 0x0000000704e00000, 0x0000000705000000|  0%| F|  |TAMS 0x0000000704e00000| PB 0x0000000704e00000| Untracked |  0
|  40|0x0000000705000000, 0x0000000705000000, 0x0000000705200000|  0%| F|  |TAMS 0x0000000705000000| PB 0x0000000705000000| Untracked |  0
|  41|0x0000000705200000, 0x0000000705200000, 0x0000000705400000|  0%| F|  |TAMS 0x0000000705200000| PB 0x0000000705200000| Untracked |  0
|  42|0x0000000705400000, 0x0000000705400000, 0x0000000705600000|  0%| F|  |TAMS 0x0000000705400000| PB 0x0000000705400000| Untracked |  0
|  43|0x0000000705600000, 0x0000000705600000, 0x0000000705800000|  0%| F|  |TAMS 0x0000000705600000| PB 0x0000000705600000| Untracked |  0
|  44|0x0000000705800000, 0x0000000705800000, 0x0000000705a00000|  0%| F|  |TAMS 0x0000000705800000| PB 0x0000000705800000| Untracked |  0
|  45|0x0000000705a00000, 0x0000000705a00000, 0x0000000705c00000|  0%| F|  |TAMS 0x0000000705a00000| PB 0x0000000705a00000| Untracked |  0
|  46|0x0000000705c00000, 0x0000000705c00000, 0x0000000705e00000|  0%| F|  |TAMS 0x0000000705c00000| PB 0x0000000705c00000| Untracked |  0
|  47|0x0000000705e00000, 0x0000000705e00000, 0x0000000706000000|  0%| F|  |TAMS 0x0000000705e00000| PB 0x0000000705e00000| Untracked |  0
|  48|0x0000000706000000, 0x0000000706000000, 0x0000000706200000|  0%| F|  |TAMS 0x0000000706000000| PB 0x0000000706000000| Untracked |  0
|  49|0x0000000706200000, 0x0000000706200000, 0x0000000706400000|  0%| F|  |TAMS 0x0000000706200000| PB 0x0000000706200000| Untracked |  0
|  50|0x0000000706400000, 0x0000000706400000, 0x0000000706600000|  0%| F|  |TAMS 0x0000000706400000| PB 0x0000000706400000| Untracked |  0
|  51|0x0000000706600000, 0x0000000706600000, 0x0000000706800000|  0%| F|  |TAMS 0x0000000706600000| PB 0x0000000706600000| Untracked |  0
|  52|0x0000000706800000, 0x0000000706800000, 0x0000000706a00000|  0%| F|  |TAMS 0x0000000706800000| PB 0x0000000706800000| Untracked |  0
|  53|0x0000000706a00000, 0x0000000706a00000, 0x0000000706c00000|  0%| F|  |TAMS 0x0000000706a00000| PB 0x0000000706a00000| Untracked |  0
|  54|0x0000000706c00000, 0x0000000706c00000, 0x0000000706e00000|  0%| F|  |TAMS 0x0000000706c00000| PB 0x0000000706c00000| Untracked |  0
|  55|0x0000000706e00000, 0x0000000706e00000, 0x0000000707000000|  0%| F|  |TAMS 0x0000000706e00000| PB 0x0000000706e00000| Untracked |  0
|  56|0x0000000707000000, 0x0000000707000000, 0x0000000707200000|  0%| F|  |TAMS 0x0000000707000000| PB 0x0000000707000000| Untracked |  0
|  57|0x0000000707200000, 0x0000000707200000, 0x0000000707400000|  0%| F|  |TAMS 0x0000000707200000| PB 0x0000000707200000| Untracked |  0
|  58|0x0000000707400000, 0x0000000707400000, 0x0000000707600000|  0%| F|  |TAMS 0x0000000707400000| PB 0x0000000707400000| Untracked |  0
|  59|0x0000000707600000, 0x0000000707600000, 0x0000000707800000|  0%| F|  |TAMS 0x0000000707600000| PB 0x0000000707600000| Untracked |  0
|  60|0x0000000707800000, 0x0000000707800000, 0x0000000707a00000|  0%| F|  |TAMS 0x0000000707800000| PB 0x0000000707800000| Untracked |  0
|  61|0x0000000707a00000, 0x0000000707a00000, 0x0000000707c00000|  0%| F|  |TAMS 0x0000000707a00000| PB 0x0000000707a00000| Untracked |  0
|  62|0x0000000707c00000, 0x0000000707c00000, 0x0000000707e00000|  0%| F|  |TAMS 0x0000000707c00000| PB 0x0000000707c00000| Untracked |  0
|  63|0x0000000707e00000, 0x0000000707e00000, 0x0000000708000000|  0%| F|  |TAMS 0x0000000707e00000| PB 0x0000000707e00000| Untracked |  0
|  64|0x0000000708000000, 0x0000000708000000, 0x0000000708200000|  0%| F|  |TAMS 0x0000000708000000| PB 0x0000000708000000| Untracked |  0
|  65|0x0000000708200000, 0x0000000708200000, 0x0000000708400000|  0%| F|  |TAMS 0x0000000708200000| PB 0x0000000708200000| Untracked |  0
|  66|0x0000000708400000, 0x0000000708400000, 0x0000000708600000|  0%| F|  |TAMS 0x0000000708400000| PB 0x0000000708400000| Untracked |  0
|  67|0x0000000708600000, 0x0000000708600000, 0x0000000708800000|  0%| F|  |TAMS 0x0000000708600000| PB 0x0000000708600000| Untracked |  0
|  68|0x0000000708800000, 0x0000000708800000, 0x0000000708a00000|  0%| F|  |TAMS 0x0000000708800000| PB 0x0000000708800000| Untracked |  0
|  69|0x0000000708a00000, 0x0000000708a00000, 0x0000000708c00000|  0%| F|  |TAMS 0x0000000708a00000| PB 0x0000000708a00000| Untracked |  0
|  70|0x0000000708c00000, 0x0000000708c00000, 0x0000000708e00000|  0%| F|  |TAMS 0x0000000708c00000| PB 0x0000000708c00000| Untracked |  0
|  71|0x0000000708e00000, 0x0000000708e00000, 0x0000000709000000|  0%| F|  |TAMS 0x0000000708e00000| PB 0x0000000708e00000| Untracked |  0
|  72|0x0000000709000000, 0x0000000709000000, 0x0000000709200000|  0%| F|  |TAMS 0x0000000709000000| PB 0x0000000709000000| Untracked |  0
|  73|0x0000000709200000, 0x0000000709200000, 0x0000000709400000|  0%| F|  |TAMS 0x0000000709200000| PB 0x0000000709200000| Untracked |  0
|  74|0x0000000709400000, 0x0000000709400000, 0x0000000709600000|  0%| F|  |TAMS 0x0000000709400000| PB 0x0000000709400000| Untracked |  0
|  75|0x0000000709600000, 0x0000000709600000, 0x0000000709800000|  0%| F|  |TAMS 0x0000000709600000| PB 0x0000000709600000| Untracked |  0
|  76|0x0000000709800000, 0x0000000709800000, 0x0000000709a00000|  0%| F|  |TAMS 0x0000000709800000| PB 0x0000000709800000| Untracked |  0
|  77|0x0000000709a00000, 0x0000000709a00000, 0x0000000709c00000|  0%| F|  |TAMS 0x0000000709a00000| PB 0x0000000709a00000| Untracked |  0
|  78|0x0000000709c00000, 0x0000000709c00000, 0x0000000709e00000|  0%| F|  |TAMS 0x0000000709c00000| PB 0x0000000709c00000| Untracked |  0
|  79|0x0000000709e00000, 0x0000000709e00000, 0x000000070a000000|  0%| F|  |TAMS 0x0000000709e00000| PB 0x0000000709e00000| Untracked |  0
|  80|0x000000070a000000, 0x000000070a000000, 0x000000070a200000|  0%| F|  |TAMS 0x000000070a000000| PB 0x000000070a000000| Untracked |  0
|  81|0x000000070a200000, 0x000000070a200000, 0x000000070a400000|  0%| F|  |TAMS 0x000000070a200000| PB 0x000000070a200000| Untracked |  0
|  82|0x000000070a400000, 0x000000070a400000, 0x000000070a600000|  0%| F|  |TAMS 0x000000070a400000| PB 0x000000070a400000| Untracked |  0
|  83|0x000000070a600000, 0x000000070a600000, 0x000000070a800000|  0%| F|  |TAMS 0x000000070a600000| PB 0x000000070a600000| Untracked |  0
|  84|0x000000070a800000, 0x000000070a800000, 0x000000070aa00000|  0%| F|  |TAMS 0x000000070a800000| PB 0x000000070a800000| Untracked |  0
|  85|0x000000070aa00000, 0x000000070aa00000, 0x000000070ac00000|  0%| F|  |TAMS 0x000000070aa00000| PB 0x000000070aa00000| Untracked |  0
|  86|0x000000070ac00000, 0x000000070ac00000, 0x000000070ae00000|  0%| F|  |TAMS 0x000000070ac00000| PB 0x000000070ac00000| Untracked |  0
|  87|0x000000070ae00000, 0x000000070ae00000, 0x000000070b000000|  0%| F|  |TAMS 0x000000070ae00000| PB 0x000000070ae00000| Untracked |  0
|  88|0x000000070b000000, 0x000000070b000000, 0x000000070b200000|  0%| F|  |TAMS 0x000000070b000000| PB 0x000000070b000000| Untracked |  0
|  89|0x000000070b200000, 0x000000070b200000, 0x000000070b400000|  0%| F|  |TAMS 0x000000070b200000| PB 0x000000070b200000| Untracked |  0
|  90|0x000000070b400000, 0x000000070b400000, 0x000000070b600000|  0%| F|  |TAMS 0x000000070b400000| PB 0x000000070b400000| Untracked |  0
|  91|0x000000070b600000, 0x000000070b600000, 0x000000070b800000|  0%| F|  |TAMS 0x000000070b600000| PB 0x000000070b600000| Untracked |  0
|  92|0x000000070b800000, 0x000000070b800000, 0x000000070ba00000|  0%| F|  |TAMS 0x000000070b800000| PB 0x000000070b800000| Untracked |  0
|  93|0x000000070ba00000, 0x000000070ba00000, 0x000000070bc00000|  0%| F|  |TAMS 0x000000070ba00000| PB 0x000000070ba00000| Untracked |  0
|  94|0x000000070bc00000, 0x000000070bc00000, 0x000000070be00000|  0%| F|  |TAMS 0x000000070bc00000| PB 0x000000070bc00000| Untracked |  0
|  95|0x000000070be00000, 0x000000070be00000, 0x000000070c000000|  0%| F|  |TAMS 0x000000070be00000| PB 0x000000070be00000| Untracked |  0
|  96|0x000000070c000000, 0x000000070c000000, 0x000000070c200000|  0%| F|  |TAMS 0x000000070c000000| PB 0x000000070c000000| Untracked |  0
|  97|0x000000070c200000, 0x000000070c200000, 0x000000070c400000|  0%| F|  |TAMS 0x000000070c200000| PB 0x000000070c200000| Untracked |  0
|  98|0x000000070c400000, 0x000000070c400000, 0x000000070c600000|  0%| F|  |TAMS 0x000000070c400000| PB 0x000000070c400000| Untracked |  0
|  99|0x000000070c600000, 0x000000070c600000, 0x000000070c800000|  0%| F|  |TAMS 0x000000070c600000| PB 0x000000070c600000| Untracked |  0
| 100|0x000000070c800000, 0x000000070c800000, 0x000000070ca00000|  0%| F|  |TAMS 0x000000070c800000| PB 0x000000070c800000| Untracked |  0
| 101|0x000000070ca00000, 0x000000070ca00000, 0x000000070cc00000|  0%| F|  |TAMS 0x000000070ca00000| PB 0x000000070ca00000| Untracked |  0
| 102|0x000000070cc00000, 0x000000070cc00000, 0x000000070ce00000|  0%| F|  |TAMS 0x000000070cc00000| PB 0x000000070cc00000| Untracked |  0
| 103|0x000000070ce00000, 0x000000070ce00000, 0x000000070d000000|  0%| F|  |TAMS 0x000000070ce00000| PB 0x000000070ce00000| Untracked |  0
| 104|0x000000070d000000, 0x000000070d000000, 0x000000070d200000|  0%| F|  |TAMS 0x000000070d000000| PB 0x000000070d000000| Untracked |  0
| 105|0x000000070d200000, 0x000000070d200000, 0x000000070d400000|  0%| F|  |TAMS 0x000000070d200000| PB 0x000000070d200000| Untracked |  0
| 106|0x000000070d400000, 0x000000070d400000, 0x000000070d600000|  0%| F|  |TAMS 0x000000070d400000| PB 0x000000070d400000| Untracked |  0
| 107|0x000000070d600000, 0x000000070d600000, 0x000000070d800000|  0%| F|  |TAMS 0x000000070d600000| PB 0x000000070d600000| Untracked |  0
| 108|0x000000070d800000, 0x000000070d800000, 0x000000070da00000|  0%| F|  |TAMS 0x000000070d800000| PB 0x000000070d800000| Untracked |  0
| 109|0x000000070da00000, 0x000000070da00000, 0x000000070dc00000|  0%| F|  |TAMS 0x000000070da00000| PB 0x000000070da00000| Untracked |  0
| 110|0x000000070dc00000, 0x000000070dc00000, 0x000000070de00000|  0%| F|  |TAMS 0x000000070dc00000| PB 0x000000070dc00000| Untracked |  0
| 111|0x000000070de00000, 0x000000070de00000, 0x000000070e000000|  0%| F|  |TAMS 0x000000070de00000| PB 0x000000070de00000| Untracked |  0
| 112|0x000000070e000000, 0x000000070e000000, 0x000000070e200000|  0%| F|  |TAMS 0x000000070e000000| PB 0x000000070e000000| Untracked |  0
| 113|0x000000070e200000, 0x000000070e200000, 0x000000070e400000|  0%| F|  |TAMS 0x000000070e200000| PB 0x000000070e200000| Untracked |  0
| 114|0x000000070e400000, 0x000000070e400000, 0x000000070e600000|  0%| F|  |TAMS 0x000000070e400000| PB 0x000000070e400000| Untracked |  0
| 115|0x000000070e600000, 0x000000070e600000, 0x000000070e800000|  0%| F|  |TAMS 0x000000070e600000| PB 0x000000070e600000| Untracked |  0
| 116|0x000000070e800000, 0x000000070e800000, 0x000000070ea00000|  0%| F|  |TAMS 0x000000070e800000| PB 0x000000070e800000| Untracked |  0
| 117|0x000000070ea00000, 0x000000070ea00000, 0x000000070ec00000|  0%| F|  |TAMS 0x000000070ea00000| PB 0x000000070ea00000| Untracked |  0
| 118|0x000000070ec00000, 0x000000070ec00000, 0x000000070ee00000|  0%| F|  |TAMS 0x000000070ec00000| PB 0x000000070ec00000| Untracked |  0
| 119|0x000000070ee00000, 0x000000070ee00000, 0x000000070f000000|  0%| F|  |TAMS 0x000000070ee00000| PB 0x000000070ee00000| Untracked |  0
| 120|0x000000070f000000, 0x000000070f000000, 0x000000070f200000|  0%| F|  |TAMS 0x000000070f000000| PB 0x000000070f000000| Untracked |  0
| 121|0x000000070f200000, 0x000000070f200000, 0x000000070f400000|  0%| F|  |TAMS 0x000000070f200000| PB 0x000000070f200000| Untracked |  0
| 122|0x000000070f400000, 0x000000070f400000, 0x000000070f600000|  0%| F|  |TAMS 0x000000070f400000| PB 0x000000070f400000| Untracked |  0
| 123|0x000000070f600000, 0x000000070f600000, 0x000000070f800000|  0%| F|  |TAMS 0x000000070f600000| PB 0x000000070f600000| Untracked |  0
| 124|0x000000070f800000, 0x000000070f800000, 0x000000070fa00000|  0%| F|  |TAMS 0x000000070f800000| PB 0x000000070f800000| Untracked |  0
| 125|0x000000070fa00000, 0x000000070fa00000, 0x000000070fc00000|  0%| F|  |TAMS 0x000000070fa00000| PB 0x000000070fa00000| Untracked |  0
| 126|0x000000070fc00000, 0x000000070fc00000, 0x000000070fe00000|  0%| F|  |TAMS 0x000000070fc00000| PB 0x000000070fc00000| Untracked |  0
| 127|0x000000070fe00000, 0x000000070fe00000, 0x0000000710000000|  0%| F|  |TAMS 0x000000070fe00000| PB 0x000000070fe00000| Untracked |  0
| 128|0x0000000710000000, 0x0000000710000000, 0x0000000710200000|  0%| F|  |TAMS 0x0000000710000000| PB 0x0000000710000000| Untracked |  0
| 129|0x0000000710200000, 0x0000000710200000, 0x0000000710400000|  0%| F|  |TAMS 0x0000000710200000| PB 0x0000000710200000| Untracked |  0
| 130|0x0000000710400000, 0x0000000710400000, 0x0000000710600000|  0%| F|  |TAMS 0x0000000710400000| PB 0x0000000710400000| Untracked |  0
| 131|0x0000000710600000, 0x0000000710600000, 0x0000000710800000|  0%| F|  |TAMS 0x0000000710600000| PB 0x0000000710600000| Untracked |  0
| 132|0x0000000710800000, 0x0000000710800000, 0x0000000710a00000|  0%| F|  |TAMS 0x0000000710800000| PB 0x0000000710800000| Untracked |  0
| 133|0x0000000710a00000, 0x0000000710a00000, 0x0000000710c00000|  0%| F|  |TAMS 0x0000000710a00000| PB 0x0000000710a00000| Untracked |  0
| 134|0x0000000710c00000, 0x0000000710c00000, 0x0000000710e00000|  0%| F|  |TAMS 0x0000000710c00000| PB 0x0000000710c00000| Untracked |  0
| 135|0x0000000710e00000, 0x0000000710e00000, 0x0000000711000000|  0%| F|  |TAMS 0x0000000710e00000| PB 0x0000000710e00000| Untracked |  0
| 136|0x0000000711000000, 0x0000000711000000, 0x0000000711200000|  0%| F|  |TAMS 0x0000000711000000| PB 0x0000000711000000| Untracked |  0
| 137|0x0000000711200000, 0x0000000711200000, 0x0000000711400000|  0%| F|  |TAMS 0x0000000711200000| PB 0x0000000711200000| Untracked |  0
| 138|0x0000000711400000, 0x0000000711400000, 0x0000000711600000|  0%| F|  |TAMS 0x0000000711400000| PB 0x0000000711400000| Untracked |  0
| 139|0x0000000711600000, 0x0000000711600000, 0x0000000711800000|  0%| F|  |TAMS 0x0000000711600000| PB 0x0000000711600000| Untracked |  0
| 140|0x0000000711800000, 0x0000000711800000, 0x0000000711a00000|  0%| F|  |TAMS 0x0000000711800000| PB 0x0000000711800000| Untracked |  0
| 141|0x0000000711a00000, 0x0000000711a00000, 0x0000000711c00000|  0%| F|  |TAMS 0x0000000711a00000| PB 0x0000000711a00000| Untracked |  0
| 142|0x0000000711c00000, 0x0000000711c00000, 0x0000000711e00000|  0%| F|  |TAMS 0x0000000711c00000| PB 0x0000000711c00000| Untracked |  0
| 143|0x0000000711e00000, 0x0000000711e00000, 0x0000000712000000|  0%| F|  |TAMS 0x0000000711e00000| PB 0x0000000711e00000| Untracked |  0
| 144|0x0000000712000000, 0x0000000712000000, 0x0000000712200000|  0%| F|  |TAMS 0x0000000712000000| PB 0x0000000712000000| Untracked |  0
| 145|0x0000000712200000, 0x0000000712200000, 0x0000000712400000|  0%| F|  |TAMS 0x0000000712200000| PB 0x0000000712200000| Untracked |  0
| 146|0x0000000712400000, 0x0000000712400000, 0x0000000712600000|  0%| F|  |TAMS 0x0000000712400000| PB 0x0000000712400000| Untracked |  0
| 147|0x0000000712600000, 0x0000000712600000, 0x0000000712800000|  0%| F|  |TAMS 0x0000000712600000| PB 0x0000000712600000| Untracked |  0
| 148|0x0000000712800000, 0x0000000712800000, 0x0000000712a00000|  0%| F|  |TAMS 0x0000000712800000| PB 0x0000000712800000| Untracked |  0
| 149|0x0000000712a00000, 0x0000000712a00000, 0x0000000712c00000|  0%| F|  |TAMS 0x0000000712a00000| PB 0x0000000712a00000| Untracked |  0
| 150|0x0000000712c00000, 0x0000000712c00000, 0x0000000712e00000|  0%| F|  |TAMS 0x0000000712c00000| PB 0x0000000712c00000| Untracked |  0
| 151|0x0000000712e00000, 0x0000000712e00000, 0x0000000713000000|  0%| F|  |TAMS 0x0000000712e00000| PB 0x0000000712e00000| Untracked |  0
| 152|0x0000000713000000, 0x0000000713000000, 0x0000000713200000|  0%| F|  |TAMS 0x0000000713000000| PB 0x0000000713000000| Untracked |  0
| 153|0x0000000713200000, 0x0000000713200000, 0x0000000713400000|  0%| F|  |TAMS 0x0000000713200000| PB 0x0000000713200000| Untracked |  0
| 154|0x0000000713400000, 0x0000000713400000, 0x0000000713600000|  0%| F|  |TAMS 0x0000000713400000| PB 0x0000000713400000| Untracked |  0
| 155|0x0000000713600000, 0x0000000713600000, 0x0000000713800000|  0%| F|  |TAMS 0x0000000713600000| PB 0x0000000713600000| Untracked |  0
| 156|0x0000000713800000, 0x0000000713800000, 0x0000000713a00000|  0%| F|  |TAMS 0x0000000713800000| PB 0x0000000713800000| Untracked |  0
| 157|0x0000000713a00000, 0x0000000713a00000, 0x0000000713c00000|  0%| F|  |TAMS 0x0000000713a00000| PB 0x0000000713a00000| Untracked |  0
| 158|0x0000000713c00000, 0x0000000713c00000, 0x0000000713e00000|  0%| F|  |TAMS 0x0000000713c00000| PB 0x0000000713c00000| Untracked |  0
| 159|0x0000000713e00000, 0x0000000713e00000, 0x0000000714000000|  0%| F|  |TAMS 0x0000000713e00000| PB 0x0000000713e00000| Untracked |  0
| 160|0x0000000714000000, 0x0000000714000000, 0x0000000714200000|  0%| F|  |TAMS 0x0000000714000000| PB 0x0000000714000000| Untracked |  0
| 161|0x0000000714200000, 0x0000000714200000, 0x0000000714400000|  0%| F|  |TAMS 0x0000000714200000| PB 0x0000000714200000| Untracked |  0
| 162|0x0000000714400000, 0x0000000714400000, 0x0000000714600000|  0%| F|  |TAMS 0x0000000714400000| PB 0x0000000714400000| Untracked |  0
| 163|0x0000000714600000, 0x0000000714600000, 0x0000000714800000|  0%| F|  |TAMS 0x0000000714600000| PB 0x0000000714600000| Untracked |  0
| 164|0x0000000714800000, 0x0000000714800000, 0x0000000714a00000|  0%| F|  |TAMS 0x0000000714800000| PB 0x0000000714800000| Untracked |  0
| 165|0x0000000714a00000, 0x0000000714a00000, 0x0000000714c00000|  0%| F|  |TAMS 0x0000000714a00000| PB 0x0000000714a00000| Untracked |  0
| 166|0x0000000714c00000, 0x0000000714c00000, 0x0000000714e00000|  0%| F|  |TAMS 0x0000000714c00000| PB 0x0000000714c00000| Untracked |  0
| 167|0x0000000714e00000, 0x0000000714e00000, 0x0000000715000000|  0%| F|  |TAMS 0x0000000714e00000| PB 0x0000000714e00000| Untracked |  0
| 168|0x0000000715000000, 0x0000000715000000, 0x0000000715200000|  0%| F|  |TAMS 0x0000000715000000| PB 0x0000000715000000| Untracked |  0
| 169|0x0000000715200000, 0x0000000715200000, 0x0000000715400000|  0%| F|  |TAMS 0x0000000715200000| PB 0x0000000715200000| Untracked |  0
| 170|0x0000000715400000, 0x0000000715400000, 0x0000000715600000|  0%| F|  |TAMS 0x0000000715400000| PB 0x0000000715400000| Untracked |  0
| 171|0x0000000715600000, 0x0000000715600000, 0x0000000715800000|  0%| F|  |TAMS 0x0000000715600000| PB 0x0000000715600000| Untracked |  0
| 172|0x0000000715800000, 0x0000000715800000, 0x0000000715a00000|  0%| F|  |TAMS 0x0000000715800000| PB 0x0000000715800000| Untracked |  0
| 173|0x0000000715a00000, 0x0000000715a00000, 0x0000000715c00000|  0%| F|  |TAMS 0x0000000715a00000| PB 0x0000000715a00000| Untracked |  0
| 174|0x0000000715c00000, 0x0000000715c00000, 0x0000000715e00000|  0%| F|  |TAMS 0x0000000715c00000| PB 0x0000000715c00000| Untracked |  0
| 175|0x0000000715e00000, 0x0000000715e00000, 0x0000000716000000|  0%| F|  |TAMS 0x0000000715e00000| PB 0x0000000715e00000| Untracked |  0
| 176|0x0000000716000000, 0x0000000716000000, 0x0000000716200000|  0%| F|  |TAMS 0x0000000716000000| PB 0x0000000716000000| Untracked |  0
| 177|0x0000000716200000, 0x0000000716200000, 0x0000000716400000|  0%| F|  |TAMS 0x0000000716200000| PB 0x0000000716200000| Untracked |  0
| 178|0x0000000716400000, 0x0000000716400000, 0x0000000716600000|  0%| F|  |TAMS 0x0000000716400000| PB 0x0000000716400000| Untracked |  0
| 179|0x0000000716600000, 0x0000000716600000, 0x0000000716800000|  0%| F|  |TAMS 0x0000000716600000| PB 0x0000000716600000| Untracked |  0
| 180|0x0000000716800000, 0x0000000716800000, 0x0000000716a00000|  0%| F|  |TAMS 0x0000000716800000| PB 0x0000000716800000| Untracked |  0
| 181|0x0000000716a00000, 0x0000000716a00000, 0x0000000716c00000|  0%| F|  |TAMS 0x0000000716a00000| PB 0x0000000716a00000| Untracked |  0
| 182|0x0000000716c00000, 0x0000000716c00000, 0x0000000716e00000|  0%| F|  |TAMS 0x0000000716c00000| PB 0x0000000716c00000| Untracked |  0
| 183|0x0000000716e00000, 0x0000000716e00000, 0x0000000717000000|  0%| F|  |TAMS 0x0000000716e00000| PB 0x0000000716e00000| Untracked |  0
| 184|0x0000000717000000, 0x0000000717000000, 0x0000000717200000|  0%| F|  |TAMS 0x0000000717000000| PB 0x0000000717000000| Untracked |  0
| 185|0x0000000717200000, 0x0000000717200000, 0x0000000717400000|  0%| F|  |TAMS 0x0000000717200000| PB 0x0000000717200000| Untracked |  0
| 186|0x0000000717400000, 0x0000000717400000, 0x0000000717600000|  0%| F|  |TAMS 0x0000000717400000| PB 0x0000000717400000| Untracked |  0
| 187|0x0000000717600000, 0x0000000717600000, 0x0000000717800000|  0%| F|  |TAMS 0x0000000717600000| PB 0x0000000717600000| Untracked |  0
| 188|0x0000000717800000, 0x0000000717800000, 0x0000000717a00000|  0%| F|  |TAMS 0x0000000717800000| PB 0x0000000717800000| Untracked |  0
| 189|0x0000000717a00000, 0x0000000717a00000, 0x0000000717c00000|  0%| F|  |TAMS 0x0000000717a00000| PB 0x0000000717a00000| Untracked |  0
| 190|0x0000000717c00000, 0x0000000717c00000, 0x0000000717e00000|  0%| F|  |TAMS 0x0000000717c00000| PB 0x0000000717c00000| Untracked |  0
| 191|0x0000000717e00000, 0x0000000717e00000, 0x0000000718000000|  0%| F|  |TAMS 0x0000000717e00000| PB 0x0000000717e00000| Untracked |  0
| 192|0x0000000718000000, 0x0000000718000000, 0x0000000718200000|  0%| F|  |TAMS 0x0000000718000000| PB 0x0000000718000000| Untracked |  0
| 193|0x0000000718200000, 0x0000000718200000, 0x0000000718400000|  0%| F|  |TAMS 0x0000000718200000| PB 0x0000000718200000| Untracked |  0
| 194|0x0000000718400000, 0x0000000718400000, 0x0000000718600000|  0%| F|  |TAMS 0x0000000718400000| PB 0x0000000718400000| Untracked |  0
| 195|0x0000000718600000, 0x0000000718600000, 0x0000000718800000|  0%| F|  |TAMS 0x0000000718600000| PB 0x0000000718600000| Untracked |  0
| 196|0x0000000718800000, 0x0000000718800000, 0x0000000718a00000|  0%| F|  |TAMS 0x0000000718800000| PB 0x0000000718800000| Untracked |  0
| 197|0x0000000718a00000, 0x0000000718a00000, 0x0000000718c00000|  0%| F|  |TAMS 0x0000000718a00000| PB 0x0000000718a00000| Untracked |  0
| 198|0x0000000718c00000, 0x0000000718c00000, 0x0000000718e00000|  0%| F|  |TAMS 0x0000000718c00000| PB 0x0000000718c00000| Untracked |  0
| 199|0x0000000718e00000, 0x0000000718e00000, 0x0000000719000000|  0%| F|  |TAMS 0x0000000718e00000| PB 0x0000000718e00000| Untracked |  0
| 200|0x0000000719000000, 0x0000000719000000, 0x0000000719200000|  0%| F|  |TAMS 0x0000000719000000| PB 0x0000000719000000| Untracked |  0
| 201|0x0000000719200000, 0x0000000719200000, 0x0000000719400000|  0%| F|  |TAMS 0x0000000719200000| PB 0x0000000719200000| Untracked |  0
| 202|0x0000000719400000, 0x0000000719400000, 0x0000000719600000|  0%| F|  |TAMS 0x0000000719400000| PB 0x0000000719400000| Untracked |  0
| 203|0x0000000719600000, 0x0000000719600000, 0x0000000719800000|  0%| F|  |TAMS 0x0000000719600000| PB 0x0000000719600000| Untracked |  0
| 204|0x0000000719800000, 0x0000000719800000, 0x0000000719a00000|  0%| F|  |TAMS 0x0000000719800000| PB 0x0000000719800000| Untracked |  0
| 205|0x0000000719a00000, 0x0000000719a00000, 0x0000000719c00000|  0%| F|  |TAMS 0x0000000719a00000| PB 0x0000000719a00000| Untracked |  0
| 206|0x0000000719c00000, 0x0000000719c00000, 0x0000000719e00000|  0%| F|  |TAMS 0x0000000719c00000| PB 0x0000000719c00000| Untracked |  0
| 207|0x0000000719e00000, 0x0000000719e00000, 0x000000071a000000|  0%| F|  |TAMS 0x0000000719e00000| PB 0x0000000719e00000| Untracked |  0
| 208|0x000000071a000000, 0x000000071a000000, 0x000000071a200000|  0%| F|  |TAMS 0x000000071a000000| PB 0x000000071a000000| Untracked |  0
| 209|0x000000071a200000, 0x000000071a200000, 0x000000071a400000|  0%| F|  |TAMS 0x000000071a200000| PB 0x000000071a200000| Untracked |  0
| 210|0x000000071a400000, 0x000000071a400000, 0x000000071a600000|  0%| F|  |TAMS 0x000000071a400000| PB 0x000000071a400000| Untracked |  0
| 211|0x000000071a600000, 0x000000071a600000, 0x000000071a800000|  0%| F|  |TAMS 0x000000071a600000| PB 0x000000071a600000| Untracked |  0
| 212|0x000000071a800000, 0x000000071a800000, 0x000000071aa00000|  0%| F|  |TAMS 0x000000071a800000| PB 0x000000071a800000| Untracked |  0
| 213|0x000000071aa00000, 0x000000071aa00000, 0x000000071ac00000|  0%| F|  |TAMS 0x000000071aa00000| PB 0x000000071aa00000| Untracked |  0
| 214|0x000000071ac00000, 0x000000071ac00000, 0x000000071ae00000|  0%| F|  |TAMS 0x000000071ac00000| PB 0x000000071ac00000| Untracked |  0
| 215|0x000000071ae00000, 0x000000071ae00000, 0x000000071b000000|  0%| F|  |TAMS 0x000000071ae00000| PB 0x000000071ae00000| Untracked |  0
| 216|0x000000071b000000, 0x000000071b000000, 0x000000071b200000|  0%| F|  |TAMS 0x000000071b000000| PB 0x000000071b000000| Untracked |  0
| 217|0x000000071b200000, 0x000000071b200000, 0x000000071b400000|  0%| F|  |TAMS 0x000000071b200000| PB 0x000000071b200000| Untracked |  0
| 218|0x000000071b400000, 0x000000071b400000, 0x000000071b600000|  0%| F|  |TAMS 0x000000071b400000| PB 0x000000071b400000| Untracked |  0
| 219|0x000000071b600000, 0x000000071b600000, 0x000000071b800000|  0%| F|  |TAMS 0x000000071b600000| PB 0x000000071b600000| Untracked |  0
| 220|0x000000071b800000, 0x000000071b800000, 0x000000071ba00000|  0%| F|  |TAMS 0x000000071b800000| PB 0x000000071b800000| Untracked |  0
| 221|0x000000071ba00000, 0x000000071ba00000, 0x000000071bc00000|  0%| F|  |TAMS 0x000000071ba00000| PB 0x000000071ba00000| Untracked |  0
| 222|0x000000071bc00000, 0x000000071bc00000, 0x000000071be00000|  0%| F|  |TAMS 0x000000071bc00000| PB 0x000000071bc00000| Untracked |  0
| 223|0x000000071be00000, 0x000000071be00000, 0x000000071c000000|  0%| F|  |TAMS 0x000000071be00000| PB 0x000000071be00000| Untracked |  0
| 224|0x000000071c000000, 0x000000071c000000, 0x000000071c200000|  0%| F|  |TAMS 0x000000071c000000| PB 0x000000071c000000| Untracked |  0
| 225|0x000000071c200000, 0x000000071c200000, 0x000000071c400000|  0%| F|  |TAMS 0x000000071c200000| PB 0x000000071c200000| Untracked |  0
| 226|0x000000071c400000, 0x000000071c400000, 0x000000071c600000|  0%| F|  |TAMS 0x000000071c400000| PB 0x000000071c400000| Untracked |  0
| 227|0x000000071c600000, 0x000000071c600000, 0x000000071c800000|  0%| F|  |TAMS 0x000000071c600000| PB 0x000000071c600000| Untracked |  0
| 228|0x000000071c800000, 0x000000071c800000, 0x000000071ca00000|  0%| F|  |TAMS 0x000000071c800000| PB 0x000000071c800000| Untracked |  0
| 229|0x000000071ca00000, 0x000000071ca00000, 0x000000071cc00000|  0%| F|  |TAMS 0x000000071ca00000| PB 0x000000071ca00000| Untracked |  0
| 230|0x000000071cc00000, 0x000000071cc00000, 0x000000071ce00000|  0%| F|  |TAMS 0x000000071cc00000| PB 0x000000071cc00000| Untracked |  0
| 231|0x000000071ce00000, 0x000000071ce00000, 0x000000071d000000|  0%| F|  |TAMS 0x000000071ce00000| PB 0x000000071ce00000| Untracked |  0
| 232|0x000000071d000000, 0x000000071d000000, 0x000000071d200000|  0%| F|  |TAMS 0x000000071d000000| PB 0x000000071d000000| Untracked |  0
| 233|0x000000071d200000, 0x000000071d200000, 0x000000071d400000|  0%| F|  |TAMS 0x000000071d200000| PB 0x000000071d200000| Untracked |  0
| 234|0x000000071d400000, 0x000000071d400000, 0x000000071d600000|  0%| F|  |TAMS 0x000000071d400000| PB 0x000000071d400000| Untracked |  0
| 235|0x000000071d600000, 0x000000071d600000, 0x000000071d800000|  0%| F|  |TAMS 0x000000071d600000| PB 0x000000071d600000| Untracked |  0
| 236|0x000000071d800000, 0x000000071d800000, 0x000000071da00000|  0%| F|  |TAMS 0x000000071d800000| PB 0x000000071d800000| Untracked |  0
| 237|0x000000071da00000, 0x000000071da00000, 0x000000071dc00000|  0%| F|  |TAMS 0x000000071da00000| PB 0x000000071da00000| Untracked |  0
| 238|0x000000071dc00000, 0x000000071dc00000, 0x000000071de00000|  0%| F|  |TAMS 0x000000071dc00000| PB 0x000000071dc00000| Untracked |  0
| 239|0x000000071de00000, 0x000000071de00000, 0x000000071e000000|  0%| F|  |TAMS 0x000000071de00000| PB 0x000000071de00000| Untracked |  0
| 240|0x000000071e000000, 0x000000071e000000, 0x000000071e200000|  0%| F|  |TAMS 0x000000071e000000| PB 0x000000071e000000| Untracked |  0
| 241|0x000000071e200000, 0x000000071e200000, 0x000000071e400000|  0%| F|  |TAMS 0x000000071e200000| PB 0x000000071e200000| Untracked |  0
| 242|0x000000071e400000, 0x000000071e400000, 0x000000071e600000|  0%| F|  |TAMS 0x000000071e400000| PB 0x000000071e400000| Untracked |  0
| 243|0x000000071e600000, 0x000000071e600000, 0x000000071e800000|  0%| F|  |TAMS 0x000000071e600000| PB 0x000000071e600000| Untracked |  0
| 244|0x000000071e800000, 0x000000071e800000, 0x000000071ea00000|  0%| F|  |TAMS 0x000000071e800000| PB 0x000000071e800000| Untracked |  0
| 245|0x000000071ea00000, 0x000000071ebeb8b0, 0x000000071ec00000| 96%| E|  |TAMS 0x000000071ea00000| PB 0x000000071ea00000| Complete |  0
| 246|0x000000071ec00000, 0x000000071ee00000, 0x000000071ee00000|100%| E|CS|TAMS 0x000000071ec00000| PB 0x000000071ec00000| Complete |  0
| 247|0x000000071ee00000, 0x000000071f000000, 0x000000071f000000|100%| E|CS|TAMS 0x000000071ee00000| PB 0x000000071ee00000| Complete |  0
| 248|0x000000071f000000, 0x000000071f200000, 0x000000071f200000|100%| E|CS|TAMS 0x000000071f000000| PB 0x000000071f000000| Complete |  0
| 249|0x000000071f200000, 0x000000071f400000, 0x000000071f400000|100%| E|CS|TAMS 0x000000071f200000| PB 0x000000071f200000| Complete |  0
| 250|0x000000071f400000, 0x000000071f600000, 0x000000071f600000|100%| E|CS|TAMS 0x000000071f400000| PB 0x000000071f400000| Complete |  0
| 251|0x000000071f600000, 0x000000071f800000, 0x000000071f800000|100%| E|CS|TAMS 0x000000071f600000| PB 0x000000071f600000| Complete |  0
| 252|0x000000071f800000, 0x000000071fa00000, 0x000000071fa00000|100%| E|CS|TAMS 0x000000071f800000| PB 0x000000071f800000| Complete |  0
| 253|0x000000071fa00000, 0x000000071fc00000, 0x000000071fc00000|100%| E|CS|TAMS 0x000000071fa00000| PB 0x000000071fa00000| Complete |  0
| 254|0x000000071fc00000, 0x000000071fe00000, 0x000000071fe00000|100%| E|CS|TAMS 0x000000071fc00000| PB 0x000000071fc00000| Complete |  0
| 255|0x000000071fe00000, 0x0000000720000000, 0x0000000720000000|100%| E|CS|TAMS 0x000000071fe00000| PB 0x000000071fe00000| Complete |  0
|2047|0x00000007ffe00000, 0x00000007fff21060, 0x0000000800000000| 56%| O|  |TAMS 0x00000007ffe00000| PB 0x00000007ffe00000| Untracked |  0

Card table byte_map: [0x00007f5617000000,0x00007f5617800000] _byte_map_base: 0x00007f5613800000

Marking Bits: (CMBitMap*) 0x00007f563008c150
 Bits: [0x00007f5613000000, 0x00007f5617000000)

Polling page: 0x00007f56366a4000

Metaspace:
Metaspace        used 6152K, committed 6400K, reserved 1114112K
 class space     used 591K, committed 704K, reserved 1048576K

Usage:
  Non-class:      5.43 MB used.
      Class:    591.90 KB used.
       Both:      6.01 MB used.

Virtual space:
  Non-class space:       64.00 MB reserved,       5.56 MB (  9%) committed,  1 nodes.
      Class space:        1.00 GB reserved,     704.00 KB ( <1%) committed,  1 nodes.
             Both:        1.06 GB reserved,       6.25 MB ( <1%) committed. 

Chunk freelists:
   Non-Class:  10.18 MB
       Class:  15.25 MB
        Both:  25.42 MB

MaxMetaspaceSize: unlimited
CompressedClassSpaceSize: 1.00 GB
Initial GC threshold: 21.00 MB
Current GC threshold: 21.00 MB
CDS: on
 - commit_granule_bytes: 65536.
 - commit_granule_words: 8192.
 - virtual_space_node_default_size: 8388608.
 - enlarge_chunks_in_place: 1.
UseCompressedClassPointers 1, UseCompactObjectHeaders 0
Narrow klass pointer bits 32, Max shift 3
Narrow klass base: 0x0000000099000000, Narrow klass shift: 0
Encoding Range: [0x0000000099000000 - 0x0000000199000000), (4294967296 bytes)
Klass Range:    [0x0000000099001000 - 0x00000000da000000), (1090514944 bytes)
Klass ID Range:  [4096 - 1090519033) (1090514937)
Protection zone: [0x0000000099000000 - 0x0000000099001000), (4096 bytes)


Internal statistics:

num_allocs_failed_limit: 0.
num_arena_births: 100.
num_arena_deaths: 0.
num_vsnodes_births: 2.
num_vsnodes_deaths: 0.
num_space_committed: 100.
num_space_uncommitted: 0.
num_chunks_returned_to_freelist: 0.
num_chunks_taken_from_freelist: 163.
num_chunk_merges: 0.
num_chunk_splits: 83.
num_chunks_enlarged: 20.
num_inconsistent_stats: 0.

CodeHeap 'non-profiled nmethods': size=120032Kb used=452Kb max_used=452Kb free=119579Kb
 bounds [0x00007f56200c8000, 0x00007f5620338000, 0x00007f5627600000]
CodeHeap 'profiled nmethods': size=120032Kb used=1963Kb max_used=1963Kb free=118068Kb
 bounds [0x00007f56185fe000, 0x00007f561886e000, 0x00007f561fb36000]
CodeHeap 'non-nmethods': size=5704Kb used=1485Kb max_used=1517Kb free=4218Kb
 bounds [0x00007f561fb36000, 0x00007f561fda6000, 0x00007f56200c8000]
CodeCache: size=245768Kb, used=3900Kb, max_used=3932Kb, free=241865Kb
 total_blobs=2055, nmethods=1510, adapters=449, full_count=0
Compilation: enabled, stopped_count=0, restarted_count=0

Compilation events (20 events):
Event: 0.551 Thread 0x00007f55a80d8100 1447       4       jdk.internal.classfile.impl.SplitConstantPool::utf8Entry (45 bytes)
Event: 0.551 Thread 0x00007f563014c500 nmethod 1446 0x00007f56187cc788 code [0x00007f56187cc880, 0x00007f56187ce420]
Event: 0.551 Thread 0x00007f563014c500 1445       3       jdk.internal.classfile.impl.ClassReaderImpl::readEntry (16 bytes)
Event: 0.551 Thread 0x00007f563014c500 nmethod 1445 0x00007f56187ce488 code [0x00007f56187ce580, 0x00007f56187ce948]
Event: 0.551 Thread 0x00007f563014c500 1452       3       jdk.internal.classfile.impl.DirectCodeBuilder::setLabelTarget (10 bytes)
Event: 0.551 Thread 0x00007f563014c500 nmethod 1452 0x00007f56187ce988 code [0x00007f56187cea80, 0x00007f56187ceda8]
Event: 0.551 Thread 0x00007f563014c500 1448       3       java.lang.classfile.CodeBuilder::invoke (46 bytes)
Event: 0.552 Thread 0x00007f563014c500 nmethod 1448 0x00007f56187cee08 code [0x00007f56187cef00, 0x00007f56187cf450]
Event: 0.552 Thread 0x00007f563014c500 1450       3       jdk.internal.classfile.impl.DirectCodeBuilder::writeInvokeNormal (13 bytes)
Event: 0.552 Thread 0x00007f563014c500 nmethod 1450 0x00007f56187cf488 code [0x00007f56187cf580, 0x00007f56187cf978]
Event: 0.552 Thread 0x00007f563014c500 1449       1       jdk.jfr.internal.EventWriterMethod::method (5 bytes)
Event: 0.552 Thread 0x00007f563014c500 nmethod 1449 0x00007f5620136e08 code [0x00007f5620136f00, 0x00007f5620136fc0]
Event: 0.552 Thread 0x00007f563014c500 1451       1       jdk.jfr.internal.util.Bytecode$FieldDesc::name (5 bytes)
Event: 0.552 Thread 0x00007f55a85bef90 1455       4       jdk.internal.classfile.impl.BufWriterImpl::cpIndex (33 bytes)
Event: 0.552 Thread 0x00007f563014c500 nmethod 1451 0x00007f5620137108 code [0x00007f5620137200, 0x00007f56201372c0]
Event: 0.552 Thread 0x00007f563014c500 1453       3       jdk.internal.classfile.impl.DirectCodeBuilder::labelBinding (11 bytes)
Event: 0.552 Thread 0x00007f563014c500 nmethod 1453 0x00007f56187cf988 code [0x00007f56187cfa80, 0x00007f56187cfdb8]
Event: 0.552 Thread 0x00007f563014c500 1457       3       jdk.internal.classfile.impl.DirectCodeBuilder::writeBytecode (33 bytes)
Event: 0.552 Thread 0x00007f563014c500 nmethod 1457 0x00007f56187cfe08 code [0x00007f56187cff00, 0x00007f56187d0170]
Event: 0.552 Thread 0x00007f563014c500 1456       3       java.lang.classfile.CodeBuilder::dup (16 bytes)

GC Heap Usage History (0 events):
No events

Metaspace Usage History (0 events):
No events

Dll operation events (5 events):
Event: 0.003 Loaded shared library /usr/lib/jvm/java-25-openjdk-amd64/lib/libjava.so
Event: 0.115 Loaded shared library /usr/lib/jvm/java-25-openjdk-amd64/lib/libnio.so
Event: 0.136 Loaded shared library /usr/lib/jvm/java-25-openjdk-amd64/lib/libzip.so
Event: 0.152 Loaded shared library /usr/lib/jvm/java-25-openjdk-amd64/lib/libjimage.so
Event: 0.287 Loaded shared library /usr/lib/jvm/java-25-openjdk-amd64/lib/libnet.so

Deoptimization events (20 events):
Event: 0.518 Thread 0x00007f563001a0f0 DEOPT PACKING pc=0x00007f56200f42a0 sp=0x00007f5634bfbfe0
Event: 0.518 Thread 0x00007f563001a0f0 DEOPT UNPACKING pc=0x00007f561fc53979 sp=0x00007f5634bfbf90 mode 2
Event: 0.518 Thread 0x00007f563001a0f0 Uncommon trap: trap_request=0xffffff45 fr.pc=0x00007f562011d274 relative=0x0000000000000274
Event: 0.518 Thread 0x00007f563001a0f0 Uncommon trap: reason=unstable_if action=reinterpret pc=0x00007f562011d274 method=jdk.internal.classfile.impl.EntryMap.put(II)V @ 89 c2
Event: 0.518 Thread 0x00007f563001a0f0 DEOPT PACKING pc=0x00007f562011d274 sp=0x00007f5634bfbf60
Event: 0.518 Thread 0x00007f563001a0f0 DEOPT UNPACKING pc=0x00007f561fc53979 sp=0x00007f5634bfbf10 mode 2
Event: 0.519 Thread 0x00007f563001a0f0 Uncommon trap: trap_request=0xffffff45 fr.pc=0x00007f5620126e20 relative=0x0000000000000780
Event: 0.519 Thread 0x00007f563001a0f0 Uncommon trap: reason=unstable_if action=reinterpret pc=0x00007f5620126e20 method=jdk.internal.classfile.impl.SplitConstantPool.entryByIndex(I)Ljava/lang/classfile/constantpool/PoolEntry; @ 22 c2
Event: 0.519 Thread 0x00007f563001a0f0 DEOPT PACKING pc=0x00007f5620126e20 sp=0x00007f5634bfc070
Event: 0.519 Thread 0x00007f563001a0f0 DEOPT UNPACKING pc=0x00007f561fc53979 sp=0x00007f5634bfbfb0 mode 2
Event: 0.519 Thread 0x00007f563001a0f0 Uncommon trap: trap_request=0xffffff45 fr.pc=0x00007f5620121c60 relative=0x0000000000000740
Event: 0.519 Thread 0x00007f563001a0f0 Uncommon trap: reason=unstable_if action=reinterpret pc=0x00007f5620121c60 method=jdk.internal.classfile.impl.SplitConstantPool.internalAdd(Ljava/lang/classfile/constantpool/PoolEntry;I)Ljava/lang/classfile/constantpool/PoolEntry; @ 18 c2
Event: 0.519 Thread 0x00007f563001a0f0 DEOPT PACKING pc=0x00007f5620121c60 sp=0x00007f5634bfc100
Event: 0.519 Thread 0x00007f563001a0f0 DEOPT UNPACKING pc=0x00007f561fc53979 sp=0x00007f5634bfc0b8 mode 2
Event: 0.519 Thread 0x00007f563001a0f0 Uncommon trap: trap_request=0xffffff45 fr.pc=0x00007f56201028e4 relative=0x00000000000000e4
Event: 0.519 Thread 0x00007f563001a0f0 Uncommon trap: reason=unstable_if action=reinterpret pc=0x00007f56201028e4 method=jdk.internal.classfile.impl.SplitConstantPool.entryByIndex(I)Ljava/lang/classfile/constantpool/PoolEntry; @ 22 c2
Event: 0.519 Thread 0x00007f563001a0f0 DEOPT PACKING pc=0x00007f56201028e4 sp=0x00007f5634bfbff0
Event: 0.519 Thread 0x00007f563001a0f0 DEOPT UNPACKING pc=0x00007f561fc53979 sp=0x00007f5634bfbfa0 mode 2
Event: 0.528 Thread 0x00007f563001a0f0 DEOPT PACKING pc=0x00007f56187b724c sp=0x00007f5634bfccc0
Event: 0.528 Thread 0x00007f563001a0f0 DEOPT UNPACKING pc=0x00007f561fb86fef sp=0x00007f5634bfc1d8 mode 0

Classes loaded (20 events):
Event: 0.532 Loading class java/lang/classfile/attribute/LocalVariableTableAttribute done
Event: 0.532 Loading class jdk/internal/classfile/impl/BoundAttribute$BoundLocalVariableTableAttribute done
Event: 0.532 Loading class jdk/internal/classfile/impl/AbstractAttributeMapper$CharacterRangeTableMapper
Event: 0.532 Loading class jdk/internal/classfile/impl/AbstractAttributeMapper$CharacterRangeTableMapper done
Event: 0.532 Loading class jdk/internal/classfile/impl/AbstractAttributeMapper$LocalVariableTypeTableMapper
Event: 0.532 Loading class jdk/internal/classfile/impl/AbstractAttributeMapper$LocalVariableTypeTableMapper done
Event: 0.532 Loading class jdk/internal/classfile/impl/BoundLocalVariable
Event: 0.532 Loading class java/lang/classfile/attribute/LocalVariableInfo
Event: 0.532 Loading class java/lang/classfile/attribute/LocalVariableInfo done
Event: 0.532 Loading class jdk/internal/classfile/impl/AbstractBoundLocalVariable
Event: 0.532 Loading class jdk/internal/classfile/impl/Util$WritableLocalVariable
Event: 0.544 Loading class jdk/internal/classfile/impl/Util$WritableLocalVariable done
Event: 0.544 Loading class jdk/internal/classfile/impl/AbstractBoundLocalVariable done
Event: 0.544 Loading class jdk/internal/classfile/impl/BoundLocalVariable done
Event: 0.545 Loading class java/lang/classfile/attribute/UnknownAttribute
Event: 0.545 Loading class java/lang/classfile/attribute/UnknownAttribute done
Event: 0.546 Loading class jdk/internal/classfile/impl/LineNumberImpl
Event: 0.546 Loading class java/lang/classfile/instruction/LineNumber
Event: 0.546 Loading class java/lang/classfile/instruction/LineNumber done
Event: 0.546 Loading class jdk/internal/classfile/impl/LineNumberImpl done

Classes unloaded (0 events):
No events

Classes redefined (0 events):
No events

Internal exceptions (20 events):
Event: 0.201 Thread 0x00007f563001a0f0 Exception <a 'java/lang/NoSuchMethodError'{0x000000071fb655b0}: 'long java.lang.invoke.DirectMethodHandle$Holder.invokeStaticInit(java.lang.Object, java.lang.Object)'> (0x000000071fb655b0) 
thrown [./src/hotspot/share/interpreter/linkResolver.cpp, line 803]
Event: 0.202 Thread 0x00007f563001a0f0 Exception <a 'java/lang/NoSuchMethodError'{0x000000071fb6d9d8}: 'java.lang.Object java.lang.invoke.DirectMethodHandle$Holder.invokeStatic(java.lang.Object, long, java.lang.Object)'> (0x000000071fb6d9d8) 
thrown [./src/hotspot/share/interpreter/linkResolver.cpp, line 803]
Event: 0.203 Thread 0x00007f563001a0f0 Exception <a 'java/lang/NoSuchMethodError'{0x000000071fb75878}: 'java.lang.Object java.lang.invoke.DirectMethodHandle$Holder.invokeStaticInit(java.lang.Object, long, java.lang.Object)'> (0x000000071fb75878) 
thrown [./src/hotspot/share/interpreter/linkResolver.cpp, line 803]
Event: 0.203 Thread 0x00007f563001a0f0 Exception <a 'java/lang/NoSuchMethodError'{0x000000071fb7ddd8}: 'java.lang.Object java.lang.invoke.DirectMethodHandle$Holder.invokeStaticInit(java.lang.Object, long)'> (0x000000071fb7ddd8) 
thrown [./src/hotspot/share/interpreter/linkResolver.cpp, line 803]
Event: 0.228 Thread 0x00007f563001a0f0 Exception <a 'java/lang/NoSuchMethodError'{0x000000071f81f100}: 'java.lang.Object java.lang.invoke.DirectMethodHandle$Holder.newInvokeSpecial(java.lang.Object, long)'> (0x000000071f81f100) 
thrown [./src/hotspot/share/interpreter/linkResolver.cpp, line 803]
Event: 0.234 Thread 0x00007f563001a0f0 Exception <a 'java/lang/NoSuchMethodError'{0x000000071f8475a8}: 'java.lang.Object java.lang.invoke.Invokers$Holder.linkToTargetMethod(java.lang.Object, int, java.lang.Object, java.lang.Object)'> (0x000000071f8475a8) 
thrown [./src/hotspot/share/interpreter/linkResolver.cpp, line 803]
Event: 0.243 Thread 0x00007f563001a0f0 Exception <a 'java/lang/NoSuchMethodError'{0x000000071f89c7f8}: 'int java.lang.invoke.DirectMethodHandle$Holder.invokeStatic(java.lang.Object, java.lang.Object, int, int)'> (0x000000071f89c7f8) 
thrown [./src/hotspot/share/interpreter/linkResolver.cpp, line 803]
Event: 0.275 Thread 0x00007f563001a0f0 Exception <a 'java/lang/NoSuchMethodError'{0x000000071f9e8240}: 'java.lang.Object java.lang.invoke.DirectMethodHandle$Holder.invokeStatic(java.lang.Object, int, java.lang.Object)'> (0x000000071f9e8240) 
thrown [./src/hotspot/share/interpreter/linkResolver.cpp, line 803]
Event: 0.310 Thread 0x00007f563001a0f0 Exception <a 'java/lang/NoSuchMethodError'{0x000000071f7170f8}: 'void java.lang.invoke.DirectMethodHandle$Holder.invokeStaticInit(java.lang.Object)'> (0x000000071f7170f8) 
thrown [./src/hotspot/share/interpreter/linkResolver.cpp, line 803]
Event: 0.321 Thread 0x00007f563001a0f0 Exception <a 'java/lang/NoSuchMethodError'{0x000000071f786a18}: 'void java.lang.invoke.DirectMethodHandle$Holder.invokeSpecial(java.lang.Object, java.lang.Object, java.lang.Object)'> (0x000000071f786a18) 
thrown [./src/hotspot/share/interpreter/linkResolver.cpp, line 803]
Event: 0.331 Thread 0x00007f563001a0f0 Exception <a 'java/lang/NoSuchMethodError'{0x000000071f7ede30}: 'java.lang.Object java.lang.invoke.DirectMethodHandle$Holder.newInvokeSpecial(java.lang.Object, java.lang.Object, java.lang.Object, java.lang.Object, java.lang.Object)'> (0x000000071f7ede30) 
thrown [./src/hotspot/share/interpreter/linkResolver.cpp, line 803]
Event: 0.371 Thread 0x00007f563001a0f0 Exception <a 'java/lang/NoSuchMethodError'{0x000000071f57d278}: 'long java.lang.invoke.DirectMethodHandle$Holder.invokeVirtual(java.lang.Object, java.lang.Object)'> (0x000000071f57d278) 
thrown [./src/hotspot/share/interpreter/linkResolver.cpp, line 803]
Event: 0.372 Thread 0x00007f563001a0f0 Exception <a 'java/lang/NoSuchMethodError'{0x000000071f58c9e8}: 'int java.lang.invoke.DirectMethodHandle$Holder.invokeStatic(java.lang.Object, java.lang.Object, java.lang.Object, java.lang.Object)'> (0x000000071f58c9e8) 
thrown [./src/hotspot/share/interpreter/linkResolver.cpp, line 803]
Event: 0.375 Thread 0x00007f563001a0f0 Exception <a 'java/lang/NoSuchMethodError'{0x000000071f5a5338}: 'void java.lang.invoke.DirectMethodHandle$Holder.invokeStatic(java.lang.Object, java.lang.Object)'> (0x000000071f5a5338) 
thrown [./src/hotspot/share/interpreter/linkResolver.cpp, line 803]
Event: 0.471 Thread 0x00007f563001a0f0 Exception <a 'java/lang/NoSuchMethodError'{0x000000071f1ad3f0}: 'void java.lang.invoke.DirectMethodHandle$Holder.invokeSpecial(java.lang.Object, java.lang.Object, int)'> (0x000000071f1ad3f0) 
thrown [./src/hotspot/share/interpreter/linkResolver.cpp, line 803]
Event: 0.471 Thread 0x00007f563001a0f0 Exception <a 'java/lang/NoSuchMethodError'{0x000000071f1b52f8}: 'void java.lang.invoke.Invokers$Holder.invokeExact_MT(java.lang.Object, int, java.lang.Object)'> (0x000000071f1b52f8) 
thrown [./src/hotspot/share/interpreter/linkResolver.cpp, line 803]
Event: 0.474 Thread 0x00007f5631212860 Exception <a 'java/lang/NoSuchMethodError'{0x000000071f1f0c20}: 'long java.lang.invoke.DirectMethodHandle$Holder.invokeSpecial(java.lang.Object, java.lang.Object)'> (0x000000071f1f0c20) 
thrown [./src/hotspot/share/interpreter/linkResolver.cpp, line 803]
Event: 0.509 Thread 0x00007f563001a0f0 Exception <a 'java/lang/NoSuchMethodError'{0x000000071ea0e920}: 'void java.lang.invoke.DirectMethodHandle$Holder.invokeStatic(java.lang.Object, java.lang.Object, java.lang.Object, java.lang.Object)'> (0x000000071ea0e920) 
thrown [./src/hotspot/share/interpreter/linkResolver.cpp, line 803]
Event: 0.517 Thread 0x00007f563001a0f0 Exception <a 'java/lang/NoSuchMethodError'{0x000000071ea4a0f8}: 'java.lang.Object java.lang.invoke.DirectMethodHandle$Holder.invokeInterface(java.lang.Object, java.lang.Object)'> (0x000000071ea4a0f8) 
thrown [./src/hotspot/share/interpreter/linkResolver.cpp, line 803]
Event: 0.520 Thread 0x00007f563001a0f0 Exception <a 'java/lang/NoSuchMethodError'{0x000000071ea75b00}: 'void java.lang.invoke.DirectMethodHandle$Holder.invokeSpecial(java.lang.Object, java.lang.Object, java.lang.Object, java.lang.Object, java.lang.Object)'> (0x000000071ea75b00) 
thrown [./src/hotspot/share/interpreter/linkResolver.cpp, line 803]

VM Operations (20 events):
Event: 0.474 Executing non-safepoint VM operation: HandshakeAllThreads (Deoptimize)
Event: 0.474 Executing non-safepoint VM operation: HandshakeAllThreads (Deoptimize) done
Event: 0.474 Executing non-safepoint VM operation: HandshakeAllThreads (Deoptimize)
Event: 0.474 Executing non-safepoint VM operation: HandshakeAllThreads (Deoptimize) done
Event: 0.498 Executing safepoint VM operation: JFRSafepointClear
Event: 0.498 Executing safepoint VM operation: JFRSafepointClear done
Event: 0.502 Executing safepoint VM operation: JFROldObject
Event: 0.502 Executing safepoint VM operation: JFROldObject done
Event: 0.505 Executing non-safepoint VM operation: HandshakeAllThreads (Deoptimize)
Event: 0.505 Executing non-safepoint VM operation: HandshakeAllThreads (Deoptimize) done
Event: 0.508 Executing non-safepoint VM operation: HandshakeAllThreads (Deoptimize)
Event: 0.508 Executing non-safepoint VM operation: HandshakeAllThreads (Deoptimize) done
Event: 0.522 Executing non-safepoint VM operation: HandshakeAllThreads (Deoptimize)
Event: 0.522 Executing non-safepoint VM operation: HandshakeAllThreads (Deoptimize) done
Event: 0.524 Executing non-safepoint VM operation: HandshakeAllThreads (Deoptimize)
Event: 0.524 Executing non-safepoint VM operation: HandshakeAllThreads (Deoptimize) done
Event: 0.528 Executing non-safepoint VM operation: HandshakeAllThreads (Deoptimize)
Event: 0.528 Executing non-safepoint VM operation: HandshakeAllThreads (Deoptimize) done
Event: 0.528 Executing non-safepoint VM operation: HandshakeAllThreads (Deoptimize)
Event: 0.528 Executing non-safepoint VM operation: HandshakeAllThreads (Deoptimize) done

Memory protections (15 events):
Event: 0.002 Protecting memory [0x00007f5634b00000,0x00007f5634b04000] with protection modes 0
Event: 0.057 Protecting memory [0x0000000099000000,0x0000000099001000] with protection modes 0
Event: 0.068 Protecting memory [0x00007f55fb5f7000,0x00007f55fb5fb000] with protection modes 0
Event: 0.068 Protecting memory [0x00007f55fb2f4000,0x00007f55fb2f8000] with protection modes 0
Event: 0.068 Protecting memory [0x00007f55fa900000,0x00007f55fa904000] with protection modes 0
Event: 0.068 Protecting memory [0x00007f55fa800000,0x00007f55fa804000] with protection modes 0
Event: 0.068 Protecting memory [0x00007f55fa700000,0x00007f55fa704000] with protection modes 0
Event: 0.069 Protecting memory [0x00007f55fa600000,0x00007f55fa604000] with protection modes 0
Event: 0.069 Protecting memory [0x00007f55fa500000,0x00007f55fa504000] with protection modes 0
Event: 0.111 Protecting memory [0x00007f55fa400000,0x00007f55fa404000] with protection modes 0
Event: 0.113 Protecting memory [0x00007f55fa300000,0x00007f55fa304000] with protection modes 0
Event: 0.123 Protecting memory [0x00007f55fa200000,0x00007f55fa204000] with protection modes 0
Event: 0.308 Protecting memory [0x00007f55fa100000,0x00007f55fa104000] with protection modes 0
Event: 0.386 Protecting memory [0x00007f55fa000000,0x00007f55fa004000] with protection modes 0
Event: 0.473 Protecting memory [0x00007f55f9f00000,0x00007f55f9f04000] with protection modes 0

Nmethod flushes (0 events):
No events

Events (14 events):
Event: 0.059 Thread 0x00007f563001a0f0 Thread added: 0x00007f563001a0f0
Event: 0.068 Thread 0x00007f563001a0f0 Thread added: 0x00007f5630142e00
Event: 0.068 Thread 0x00007f563001a0f0 Thread added: 0x00007f5630143ff0
Event: 0.068 Thread 0x00007f563001a0f0 Thread added: 0x00007f5630145b80
Event: 0.068 Thread 0x00007f563001a0f0 Thread added: 0x00007f56301474b0
Event: 0.068 Thread 0x00007f563001a0f0 Thread added: 0x00007f5630148d40
Event: 0.069 Thread 0x00007f563001a0f0 Thread added: 0x00007f563014ab50
Event: 0.069 Thread 0x00007f563001a0f0 Thread added: 0x00007f563014c500
Event: 0.111 Thread 0x00007f563001a0f0 Thread added: 0x00007f5630196300
Event: 0.113 Thread 0x00007f563001a0f0 Thread added: 0x00007f5630198850
Event: 0.123 Thread 0x00007f563014c500 Thread added: 0x00007f55a80d8100
Event: 0.308 Thread 0x00007f563001a0f0 Thread added: 0x00007f56311f07e0
Event: 0.386 Thread 0x00007f563014c500 Thread added: 0x00007f55a85bef90
Event: 0.473 Thread 0x00007f563001a0f0 Thread added: 0x00007f5631212860


Dynamic libraries:
99000000-99001000 ---p 00000000 00:00 0 
99001000-99d8d000 rw-p 00001000 08:04 6821073                            /usr/lib/jvm/java-25-openjdk-amd64/lib/server/classes.jsa
99d8d000-9a000000 ---p 00000000 00:00 0 
9a000000-9a040000 rw-p 00000000 00:00 0 
9a040000-9a090000 rw-p 00000000 00:00 0 
9a090000-9a0c0000 ---p 00000000 00:00 0 
9a0c0000-9a0e0000 rw-p 00000000 00:00 0 
9a0e0000-da000000 ---p 00000000 00:00 0 
700000000-720000000 rw-p 00000000 00:00 0 
720000000-7ffe00000 ---p 00000000 00:00 0 
7ffe00000-7fff22000 rw-p 00dc0000 08:04 6821073                          /usr/lib/jvm/java-25-openjdk-amd64/lib/server/classes.jsa
7fff22000-800000000 rw-p 00000000 00:00 0 
5e913b761000-5e913b762000 r--p 00000000 08:04 6820978                    /usr/lib/jvm/java-25-openjdk-amd64/bin/java
5e913b762000-5e913b763000 r-xp 00001000 08:04 6820978                    /usr/lib/jvm/java-25-openjdk-amd64/bin/java
5e913b763000-5e913b764000 r--p 00002000 08:04 6820978                    /usr/lib/jvm/java-25-openjdk-amd64/bin/java
5e913b764000-5e913b765000 r--p 00002000 08:04 6820978                    /usr/lib/jvm/java-25-openjdk-amd64/bin/java
5e913b765000-5e913b766000 rw-p 00003000 08:04 6820978                    /usr/lib/jvm/java-25-openjdk-amd64/bin/java
5e9152b83000-5e9152bcb000 rw-p 00000000 00:00 0                          [heap]
7f5590000000-7f5590021000 rw-p 00000000 00:00 0 
7f5590021000-7f5594000000 ---p 00000000 00:00 0 
7f5594000000-7f55941bf000 rw-p 00000000 00:00 0 
7f55941bf000-7f5598000000 ---p 00000000 00:00 0 
7f5598000000-7f5598021000 rw-p 00000000 00:00 0 
7f5598021000-7f559c000000 ---p 00000000 00:00 0 
7f559c000000-7f559c19e000 rw-p 00000000 00:00 0 
7f559c19e000-7f55a0000000 ---p 00000000 00:00 0 
7f55a0000000-7f55a0021000 rw-p 00000000 00:00 0 
7f55a0021000-7f55a4000000 ---p 00000000 00:00 0 
7f55a4000000-7f55a4209000 rw-p 00000000 00:00 0 
7f55a4209000-7f55a8000000 ---p 00000000 00:00 0 
7f55a8000000-7f55a863e000 rw-p 00000000 00:00 0 
7f55a863e000-7f55ac000000 ---p 00000000 00:00 0 
7f55ac000000-7f55ac021000 rw-p 00000000 00:00 0 
7f55ac021000-7f55b0000000 ---p 00000000 00:00 0 
7f55b0000000-7f55b0021000 rw-p 00000000 00:00 0 
7f55b0021000-7f55b4000000 ---p 00000000 00:00 0 
7f55b4000000-7f55b4316000 rw-p 00000000 00:00 0 
7f55b4316000-7f55b8000000 ---p 00000000 00:00 0 
7f55b8000000-7f55b8021000 rw-p 00000000 00:00 0 
7f55b8021000-7f55bc000000 ---p 00000000 00:00 0 
7f55bc000000-7f55bc021000 rw-p 00000000 00:00 0 
7f55bc021000-7f55c0000000 ---p 00000000 00:00 0 
7f55c0000000-7f55c0400000 rw-p 00000000 00:00 0 
7f55c0400000-7f55c0460000 rw-p 00000000 00:00 0 
7f55c0460000-7f55c0480000 ---p 00000000 00:00 0 
7f55c0480000-7f55c04b0000 rw-p 00000000 00:00 0 
7f55c04b0000-7f55c0500000 ---p 00000000 00:00 0 
7f55c0500000-7f55c0600000 rw-p 00000000 00:00 0 
7f55c0600000-7f55c4000000 ---p 00000000 00:00 0 
7f55c4000000-7f55c4021000 rw-p 00000000 00:00 0 
7f55c4021000-7f55c8000000 ---p 00000000 00:00 0 
7f55c8000000-7f55c8021000 rw-p 00000000 00:00 0 
7f55c8021000-7f55cc000000 ---p 00000000 00:00 0 
7f55cc000000-7f55cc021000 rw-p 00000000 00:00 0 
7f55cc021000-7f55d0000000 ---p 00000000 00:00 0 
7f55d0000000-7f55d0021000 rw-p 00000000 00:00 0 
7f55d0021000-7f55d4000000 ---p 00000000 00:00 0 
7f55d4000000-7f55d4021000 rw-p 00000000 00:00 0 
7f55d4021000-7f55d8000000 ---p 00000000 00:00 0 
7f55d8000000-7f55d8021000 rw-p 00000000 00:00 0 
7f55d8021000-7f55dc000000 ---p 00000000 00:00 0 
7f55dc000000-7f55dc021000 rw-p 00000000 00:00 0 
7f55dc021000-7f55e0000000 ---p 00000000 00:00 0 
7f55e0000000-7f55e0021000 rw-p 00000000 00:00 0 
7f55e0021000-7f55e4000000 ---p 00000000 00:00 0 
7f55e4000000-7f55e4021000 rw-p 00000000 00:00 0 
7f55e4021000-7f55e8000000 ---p 00000000 00:00 0 
7f55e8000000-7f55e8021000 rw-p 00000000 00:00 0 
7f55e8021000-7f55ec000000 ---p 00000000 00:00 0 
7f55ec000000-7f55ec021000 rw-p 00000000 00:00 0 
7f55ec021000-7f55f0000000 ---p 00000000 00:00 0 
7f55f0000000-7f55f0021000 rw-p 00000000 00:00 0 
7f55f0021000-7f55f4000000 ---p 00000000 00:00 0 
7f55f4000000-7f55f4021000 rw-p 00000000 00:00 0 
7f55f4021000-7f55f8000000 ---p 00000000 00:00 0 
7f55f9ad3000-7f55f9dff000 rw-p 00000000 00:00 0 
7f55f9dff000-7f55f9e00000 ---p 00000000 00:00 0 
7f55f9e00000-7f55f9f00000 rw-p 00000000 00:00 0 
7f55f9f00000-7f55f9f04000 ---p 00000000 00:00 0 
7f55f9f04000-7f55fa000000 rw-p 00000000 00:00 0 
7f55fa000000-7f55fa004000 ---p 00000000 00:00 0 
7f55fa004000-7f55fa100000 rw-p 00000000 00:00 0 
7f55fa100000-7f55fa104000 ---p 00000000 00:00 0 
7f55fa104000-7f55fa200000 rw-p 00000000 00:00 0 
7f55fa200000-7f55fa204000 ---p 00000000 00:00 0 
7f55fa204000-7f55fa300000 rw-p 00000000 00:00 0 
7f55fa300000-7f55fa304000 ---p 00000000 00:00 0 
7f55fa304000-7f55fa400000 rw-p 00000000 00:00 0 
7f55fa400000-7f55fa404000 ---p 00000000 00:00 0 
7f55fa404000-7f55fa500000 rw-p 00000000 00:00 0 
7f55fa500000-7f55fa504000 ---p 00000000 00:00 0 
7f55fa504000-7f55fa600000 rw-p 00000000 00:00 0 
7f55fa600000-7f55fa604000 ---p 00000000 00:00 0 
7f55fa604000-7f55fa700000 rw-p 00000000 00:00 0 
7f55fa700000-7f55fa704000 ---p 00000000 00:00 0 
7f55fa704000-7f55fa800000 rw-p 00000000 00:00 0 
7f55fa800000-7f55fa804000 ---p 00000000 00:00 0 
7f55fa804000-7f55fa900000 rw-p 00000000 00:00 0 
7f55fa900000-7f55fa904000 ---p 00000000 00:00 0 
7f55fa904000-7f55faa00000 rw-p 00000000 00:00 0 
7f55faa00000-7f55fb23b000 r--p 00000000 08:04 4597156                    /usr/lib/locale/locale-archive
7f55fb2f4000-7f55fb2f8000 ---p 00000000 00:00 0 
7f55fb2f8000-7f55fb3f4000 rw-p 00000000 00:00 0 
7f55fb3f4000-7f55fb3f5000 ---p 00000000 00:00 0 
7f55fb3f5000-7f55fb4f5000 rw-p 00000000 00:00 0 
7f55fb4f5000-7f55fb4f6000 ---p 00000000 00:00 0 
7f55fb4f6000-7f55fb5f6000 rw-p 00000000 00:00 0 
7f55fb5f6000-7f55fb5f7000 ---p 00000000 00:00 0 
7f55fb5f7000-7f55fb5fb000 ---p 00000000 00:00 0 
7f55fb5fb000-7f55fb6f7000 rw-p 00000000 00:00 0 
7f55fb6f7000-7f55fb6f8000 ---p 00000000 00:00 0 
7f55fb6f8000-7f55fb7f8000 rw-p 00000000 00:00 0 
7f55fb7f8000-7f55fb7f9000 ---p 00000000 00:00 0 
7f55fb7f9000-7f55fb8f9000 rw-p 00000000 00:00 0 
7f55fb8f9000-7f55fb8fa000 ---p 00000000 00:00 0 
7f55fb8fa000-7f55fb9fa000 rw-p 00000000 00:00 0 
7f55fb9fa000-7f55fb9fb000 ---p 00000000 00:00 0 
7f55fb9fb000-7f55fbafb000 rw-p 00000000 00:00 0 
7f55fbafb000-7f55fbafc000 ---p 00000000 00:00 0 
7f55fbafc000-7f55fbbfc000 rw-p 00000000 00:00 0 
7f55fbbfc000-7f55fbbfd000 ---p 00000000 00:00 0 
7f55fbbfd000-7f55fbcfd000 rw-p 00000000 00:00 0 
7f55fbcfd000-7f55fbcfe000 ---p 00000000 00:00 0 
7f55fbcfe000-7f55fbdfe000 rw-p 00000000 00:00 0 
7f55fbdfe000-7f55fbdff000 ---p 00000000 00:00 0 
7f55fbdff000-7f55fbeff000 rw-p 00000000 00:00 0 
7f55fbeff000-7f55fbf00000 ---p 00000000 00:00 0 
7f55fbf00000-7f55fc000000 rw-p 00000000 00:00 0 
7f55fc000000-7f55fc021000 rw-p 00000000 00:00 0 
7f55fc021000-7f5600000000 ---p 00000000 00:00 0 
7f5600000000-7f5600021000 rw-p 00000000 00:00 0 
7f5600021000-7f5604000000 ---p 00000000 00:00 0 
7f5604000000-7f5604021000 rw-p 00000000 00:00 0 
7f5604021000-7f5608000000 ---p 00000000 00:00 0 
7f5608000000-7f5608021000 rw-p 00000000 00:00 0 
7f5608021000-7f560c000000 ---p 00000000 00:00 0 
7f560c000000-7f560c021000 rw-p 00000000 00:00 0 
7f560c021000-7f5610000000 ---p 00000000 00:00 0 
7f56100f5000-7f56100f6000 ---p 00000000 00:00 0 
7f56100f6000-7f56101f6000 rw-p 00000000 00:00 0 
7f56101f6000-7f56101f7000 ---p 00000000 00:00 0 
7f56101f7000-7f56102f7000 rw-p 00000000 00:00 0 
7f56102f7000-7f5612c00000 rw-p 00000000 00:00 0 
7f5612cfd000-7f5612dfe000 rw-p 00000000 00:00 0 
7f5612dfe000-7f5612dff000 ---p 00000000 00:00 0 
7f5612dff000-7f5612eff000 rw-p 00000000 00:00 0 
7f5612eff000-7f5612f00000 ---p 00000000 00:00 0 
7f5612f00000-7f5613000000 rw-p 00000000 00:00 0 
7f5613000000-7f5613800000 rw-p 00000000 00:00 0 
7f5613800000-7f5616ff8000 ---p 00000000 00:00 0 
7f5616ff8000-7f5617100000 rw-p 00000000 00:00 0 
7f5617100000-7f56177ff000 ---p 00000000 00:00 0 
7f56177ff000-7f5617900000 rw-p 00000000 00:00 0 
7f5617900000-7f5617fff000 ---p 00000000 00:00 0 
7f5617fff000-7f5618000000 rw-p 00000000 00:00 0 
7f5618074000-7f5618075000 ---p 00000000 00:00 0 
7f5618075000-7f5618175000 rw-p 00000000 00:00 0 
7f5618175000-7f56185fe000 rw-p 00000000 00:00 0 
7f56185fe000-7f561886e000 rwxp 00000000 00:00 0 
7f561886e000-7f561fb36000 ---p 00000000 00:00 0 
7f561fb36000-7f561fda6000 rwxp 00000000 00:00 0 
7f561fda6000-7f56200c8000 ---p 00000000 00:00 0 
7f56200c8000-7f5620338000 rwxp 00000000 00:00 0 
7f5620338000-7f5627600000 ---p 00000000 00:00 0 
7f5627600000-7f562ffb8000 r--s 00000000 08:04 6821072                    /usr/lib/jvm/java-25-openjdk-amd64/lib/modules
7f562ffd0000-7f5630000000 r--p 00000000 08:04 6203979                    /usr/share/locale-langpack/uk/LC_MESSAGES/libc.mo
7f5630000000-7f5631228000 rw-p 00000000 00:00 0 
7f5631228000-7f5634000000 ---p 00000000 00:00 0 
7f5634024000-7f563462f000 rw-p 00000000 00:00 0 
7f563462f000-7f5634715000 ---p 00000000 00:00 0 
7f5634715000-7f563471a000 rw-p 00000000 00:00 0 
7f563471a000-7f5634800000 ---p 00000000 00:00 0 
7f5634800000-7f563489d000 r--p 00000000 08:04 4589500                    /usr/lib/x86_64-linux-gnu/libstdc++.so.6.0.33
7f563489d000-7f56349e5000 r-xp 0009d000 08:04 4589500                    /usr/lib/x86_64-linux-gnu/libstdc++.so.6.0.33
7f56349e5000-7f5634a6c000 r--p 001e5000 08:04 4589500                    /usr/lib/x86_64-linux-gnu/libstdc++.so.6.0.33
7f5634a6c000-7f5634a77000 r--p 0026b000 08:04 4589500                    /usr/lib/x86_64-linux-gnu/libstdc++.so.6.0.33
7f5634a77000-7f5634a7a000 rw-p 00276000 08:04 4589500                    /usr/lib/x86_64-linux-gnu/libstdc++.so.6.0.33
7f5634a7a000-7f5634a7e000 rw-p 00000000 00:00 0 
7f5634a7f000-7f5634b00000 rw-p 00000000 00:00 0 
7f5634b00000-7f5634b04000 ---p 00000000 00:00 0 
7f5634b04000-7f5634c00000 rw-p 00000000 00:00 0 
7f5634c00000-7f5634eda000 r--p 00000000 08:04 6821078                    /usr/lib/jvm/java-25-openjdk-amd64/lib/server/libjvm.so
7f5634eda000-7f5635ee2000 r-xp 002da000 08:04 6821078                    /usr/lib/jvm/java-25-openjdk-amd64/lib/server/libjvm.so
7f5635ee2000-7f56361f0000 r--p 012e2000 08:04 6821078                    /usr/lib/jvm/java-25-openjdk-amd64/lib/server/libjvm.so
7f56361f0000-7f56362d8000 r--p 015ef000 08:04 6821078                    /usr/lib/jvm/java-25-openjdk-amd64/lib/server/libjvm.so
7f56362d8000-7f5636303000 rw-p 016d7000 08:04 6821078                    /usr/lib/jvm/java-25-openjdk-amd64/lib/server/libjvm.so
7f5636303000-7f563637f000 rw-p 00000000 00:00 0 
7f5636384000-7f563638b000 r--s 00000000 08:04 5023206                    /usr/lib/x86_64-linux-gnu/gconv/gconv-modules.cache
7f563638b000-7f563638d000 r--p 00000000 08:04 6821071                    /usr/lib/jvm/java-25-openjdk-amd64/lib/libzip.so
7f563638d000-7f5636392000 r-xp 00002000 08:04 6821071                    /usr/lib/jvm/java-25-openjdk-amd64/lib/libzip.so
7f5636392000-7f5636394000 r--p 00007000 08:04 6821071                    /usr/lib/jvm/java-25-openjdk-amd64/lib/libzip.so
7f5636394000-7f5636395000 r--p 00008000 08:04 6821071                    /usr/lib/jvm/java-25-openjdk-amd64/lib/libzip.so
7f5636395000-7f5636396000 rw-p 00009000 08:04 6821071                    /usr/lib/jvm/java-25-openjdk-amd64/lib/libzip.so
7f5636396000-7f5636399000 r--p 00000000 08:04 6821062                    /usr/lib/jvm/java-25-openjdk-amd64/lib/libnet.so
7f5636399000-7f56363a1000 r-xp 00003000 08:04 6821062                    /usr/lib/jvm/java-25-openjdk-amd64/lib/libnet.so
7f56363a1000-7f56363a3000 r--p 0000b000 08:04 6821062                    /usr/lib/jvm/java-25-openjdk-amd64/lib/libnet.so
7f56363a3000-7f56363a4000 r--p 0000c000 08:04 6821062                    /usr/lib/jvm/java-25-openjdk-amd64/lib/libnet.so
7f56363a4000-7f56363a5000 rw-p 0000d000 08:04 6821062                    /usr/lib/jvm/java-25-openjdk-amd64/lib/libnet.so
7f56363a5000-7f5636400000 rw-p 00000000 00:00 0 
7f5636400000-7f5636428000 r--p 00000000 08:04 4592577                    /usr/lib/x86_64-linux-gnu/libc.so.6
7f5636428000-7f56365b0000 r-xp 00028000 08:04 4592577                    /usr/lib/x86_64-linux-gnu/libc.so.6
7f56365b0000-7f56365ff000 r--p 001b0000 08:04 4592577                    /usr/lib/x86_64-linux-gnu/libc.so.6
7f56365ff000-7f5636603000 r--p 001fe000 08:04 4592577                    /usr/lib/x86_64-linux-gnu/libc.so.6
7f5636603000-7f5636605000 rw-p 00202000 08:04 4592577                    /usr/lib/x86_64-linux-gnu/libc.so.6
7f5636605000-7f5636612000 rw-p 00000000 00:00 0 
7f5636615000-7f563661c000 r--p 00000000 08:04 6821063                    /usr/lib/jvm/java-25-openjdk-amd64/lib/libnio.so
7f563661c000-7f5636626000 r-xp 00007000 08:04 6821063                    /usr/lib/jvm/java-25-openjdk-amd64/lib/libnio.so
7f5636626000-7f563662a000 r--p 00011000 08:04 6821063                    /usr/lib/jvm/java-25-openjdk-amd64/lib/libnio.so
7f563662a000-7f563662b000 r--p 00015000 08:04 6821063                    /usr/lib/jvm/java-25-openjdk-amd64/lib/libnio.so
7f563662b000-7f563662c000 rw-p 00016000 08:04 6821063                    /usr/lib/jvm/java-25-openjdk-amd64/lib/libnio.so
7f563662c000-7f5636672000 rw-p 00000000 00:00 0 
7f5636672000-7f5636679000 ---p 00000000 00:00 0 
7f5636679000-7f5636685000 r--p 00000000 08:04 6821049                    /usr/lib/jvm/java-25-openjdk-amd64/lib/libjava.so
7f5636685000-7f5636694000 r-xp 0000c000 08:04 6821049                    /usr/lib/jvm/java-25-openjdk-amd64/lib/libjava.so
7f5636694000-7f5636699000 r--p 0001b000 08:04 6821049                    /usr/lib/jvm/java-25-openjdk-amd64/lib/libjava.so
7f5636699000-7f563669a000 r--p 00020000 08:04 6821049                    /usr/lib/jvm/java-25-openjdk-amd64/lib/libjava.so
7f563669a000-7f563669b000 rw-p 00021000 08:04 6821049                    /usr/lib/jvm/java-25-openjdk-amd64/lib/libjava.so
7f563669b000-7f563669c000 rw-p 00000000 00:00 0 
7f563669c000-7f56366a4000 rw-s 00000000 08:04 3801577                    /tmp/hsperfdata_root/8816
7f56366a4000-7f56366a5000 ---p 00000000 00:00 0 
7f56366a5000-7f56366a6000 r--p 00000000 00:00 0 
7f56366a6000-7f56366a7000 rwxp 00000000 00:00 0 
7f56366a7000-7f56366a9000 r--p 00000000 08:04 6821052                    /usr/lib/jvm/java-25-openjdk-amd64/lib/libjimage.so
7f56366a9000-7f56366ac000 r-xp 00002000 08:04 6821052                    /usr/lib/jvm/java-25-openjdk-amd64/lib/libjimage.so
7f56366ac000-7f56366ad000 r--p 00005000 08:04 6821052                    /usr/lib/jvm/java-25-openjdk-amd64/lib/libjimage.so
7f56366ad000-7f56366ae000 r--p 00006000 08:04 6821052                    /usr/lib/jvm/java-25-openjdk-amd64/lib/libjimage.so
7f56366ae000-7f56366af000 rw-p 00007000 08:04 6821052                    /usr/lib/jvm/java-25-openjdk-amd64/lib/libjimage.so
7f56366af000-7f56366b3000 r--p 00000000 08:04 4589493                    /usr/lib/x86_64-linux-gnu/libgcc_s.so.1
7f56366b3000-7f56366d7000 r-xp 00004000 08:04 4589493                    /usr/lib/x86_64-linux-gnu/libgcc_s.so.1
7f56366d7000-7f56366db000 r--p 00028000 08:04 4589493                    /usr/lib/x86_64-linux-gnu/libgcc_s.so.1
7f56366db000-7f56366dc000 r--p 0002b000 08:04 4589493                    /usr/lib/x86_64-linux-gnu/libgcc_s.so.1
7f56366dc000-7f56366dd000 rw-p 0002c000 08:04 4589493                    /usr/lib/x86_64-linux-gnu/libgcc_s.so.1
7f56366dd000-7f56366ed000 r--p 00000000 08:04 4592609                    /usr/lib/x86_64-linux-gnu/libm.so.6
7f56366ed000-7f563676c000 r-xp 00010000 08:04 4592609                    /usr/lib/x86_64-linux-gnu/libm.so.6
7f563676c000-7f56367c4000 r--p 0008f000 08:04 4592609                    /usr/lib/x86_64-linux-gnu/libm.so.6
7f56367c4000-7f56367c5000 r--p 000e7000 08:04 4592609                    /usr/lib/x86_64-linux-gnu/libm.so.6
7f56367c5000-7f56367c6000 rw-p 000e8000 08:04 4592609                    /usr/lib/x86_64-linux-gnu/libm.so.6
7f56367c6000-7f56367c8000 rw-p 00000000 00:00 0 
7f56367c8000-7f56367ca000 r--p 00000000 08:04 4622703                    /usr/lib/x86_64-linux-gnu/libz.so.1.3
7f56367ca000-7f56367dc000 r-xp 00002000 08:04 4622703                    /usr/lib/x86_64-linux-gnu/libz.so.1.3
7f56367dc000-7f56367e2000 r--p 00014000 08:04 4622703                    /usr/lib/x86_64-linux-gnu/libz.so.1.3
7f56367e2000-7f56367e3000 r--p 0001a000 08:04 4622703                    /usr/lib/x86_64-linux-gnu/libz.so.1.3
7f56367e3000-7f56367e4000 rw-p 0001b000 08:04 4622703                    /usr/lib/x86_64-linux-gnu/libz.so.1.3
7f56367e4000-7f56367e6000 r--p 00000000 08:04 6821053                    /usr/lib/jvm/java-25-openjdk-amd64/lib/libjli.so
7f56367e6000-7f56367f0000 r-xp 00002000 08:04 6821053                    /usr/lib/jvm/java-25-openjdk-amd64/lib/libjli.so
7f56367f0000-7f56367f3000 r--p 0000c000 08:04 6821053                    /usr/lib/jvm/java-25-openjdk-amd64/lib/libjli.so
7f56367f3000-7f56367f4000 r--p 0000f000 08:04 6821053                    /usr/lib/jvm/java-25-openjdk-amd64/lib/libjli.so
7f56367f4000-7f56367f5000 rw-p 00010000 08:04 6821053                    /usr/lib/jvm/java-25-openjdk-amd64/lib/libjli.so
7f56367f5000-7f56367f7000 rw-p 00000000 00:00 0 
7f56367f7000-7f56367fb000 r--p 00000000 00:00 0                          [vvar]
7f56367fb000-7f56367fd000 r--p 00000000 00:00 0                          [vvar_vclock]
7f56367fd000-7f56367ff000 r-xp 00000000 00:00 0                          [vdso]
7f56367ff000-7f5636800000 r--p 00000000 08:04 4592565                    /usr/lib/x86_64-linux-gnu/ld-linux-x86-64.so.2
7f5636800000-7f563682b000 r-xp 00001000 08:04 4592565                    /usr/lib/x86_64-linux-gnu/ld-linux-x86-64.so.2
7f563682b000-7f5636835000 r--p 0002c000 08:04 4592565                    /usr/lib/x86_64-linux-gnu/ld-linux-x86-64.so.2
7f5636835000-7f5636837000 r--p 00036000 08:04 4592565                    /usr/lib/x86_64-linux-gnu/ld-linux-x86-64.so.2
7f5636837000-7f5636839000 rw-p 00038000 08:04 4592565                    /usr/lib/x86_64-linux-gnu/ld-linux-x86-64.so.2
7ffccef62000-7ffccef84000 rw-p 00000000 00:00 0                          [stack]
ffffffffff600000-ffffffffff601000 --xp 00000000 00:00 0                  [vsyscall]
Total number of mappings: 259

JVMTI agents: none


VM Arguments:
jvm_args: --enable-preview --enable-native-access=ALL-UNNAMED --add-opens=java.base/java.lang=ALL-UNNAMED --add-opens=java.base/java.nio=ALL-UNNAMED --add-modules=jdk.incubator.vector -XX:+UseG1GC -XX:+AlwaysPreTouch -Xms512m -Xmx4g -Djuno.byteOrder=BE 
java_command: /home/medion/Repo/juno/juno-player/target/juno-player-0.1.2-shaded.jar --model-path models/tinyllama-1.1b-chat-v1.0.Q4_K_M.gguf --dtype FLOAT16 --byteOrder BE --max-tokens 200 --temperature 0 --top-k 50 --top-p 0.9 --nodes 1 --local --gpu --jfr 2m --lora-play models/tinyllama-1.1b-chat-v1.0.Q4_K_M.lora --mmq on
java_class_path (initial): /home/medion/Repo/juno/juno-player/target/juno-player-0.1.2-shaded.jar
Launcher Type: SUN_STANDARD

[Global flags]
     bool AlwaysPreTouch                           = true                                      {product} {command line}
     intx CICompilerCount                          = 4                                         {product} {ergonomic}
     uint ConcGCThreads                            = 3                                         {product} {ergonomic}
     bool FlightRecorder                           = true                                      {product} {management}
     uint G1ConcRefinementThreads                  = 10                                        {product} {ergonomic}
   size_t G1HeapRegionSize                         = 2097152                                   {product} {ergonomic}
   size_t InitialHeapSize                          = 536870912                                 {product} {command line}
   size_t MarkStackSize                            = 4194304                                   {product} {ergonomic}
   size_t MarkStackSizeMax                         = 536870912                                 {product} {ergonomic}
   size_t MaxHeapSize                              = 4294967296                                {product} {command line}
   size_t MaxNewSize                               = 2575302656                                {product} {ergonomic}
   size_t MinHeapDeltaBytes                        = 2097152                                   {product} {ergonomic}
   size_t MinHeapSize                              = 536870912                                 {product} {command line}
    uintx NonNMethodCodeHeapSize                   = 5840896                                {pd product} {ergonomic}
    uintx NonProfiledCodeHeapSize                  = 122912768                              {pd product} {ergonomic}
    uintx ProfiledCodeHeapSize                     = 122912768                              {pd product} {ergonomic}
    uintx ReservedCodeCacheSize                    = 251666432                              {pd product} {ergonomic}
     bool SegmentedCodeCache                       = true                                      {product} {ergonomic}
   size_t SoftMaxHeapSize                          = 4294967296                             {manageable} {ergonomic}
     bool UseCompressedOops                        = true                           {product lp64_product} {ergonomic}
     bool UseG1GC                                  = true                                      {product} {command line}

Logging:
Log output configuration:
 #0: stdout all=warning uptime,level,tags foldmultilines=false
 #1: stderr all=off uptime,level,tags foldmultilines=false

Release file:
IMPLEMENTOR="Ubuntu"
JAVA_RUNTIME_VERSION="25.0.3+9-2-24.04.2-Ubuntu"
JAVA_VERSION="25.0.3"
JAVA_VERSION_DATE="2026-04-21"
LIBC="gnu"
MODULES="java.base java.compiler java.datatransfer java.xml java.prefs java.desktop java.instrument java.logging java.management java.security.sasl java.naming java.rmi java.management.rmi java.net.http java.scripting java.security.jgss java.transaction.xa java.sql java.sql.rowset java.xml.crypto java.se java.smartcardio jdk.accessibility jdk.internal.jvmstat jdk.attach jdk.charsets jdk.internal.opt jdk.zipfs jdk.compiler jdk.crypto.cryptoki jdk.crypto.ec jdk.dynalink jdk.internal.ed jdk.editpad jdk.internal.vm.ci jdk.graal.compiler jdk.graal.compiler.management jdk.hotspot.agent jdk.httpserver jdk.incubator.vector jdk.internal.le jdk.internal.md jdk.jartool jdk.javadoc jdk.jcmd jdk.management jdk.management.agent jdk.jconsole jdk.jdeps jdk.jdwp.agent jdk.jdi jdk.jfr jdk.jlink jdk.jpackage jdk.jshell jdk.jsobject jdk.jstatd jdk.localedata jdk.management.jfr jdk.naming.dns jdk.naming.rmi jdk.net jdk.nio.mapmode jdk.sctp jdk.security.auth jdk.security.jgss jdk.unsupported jdk.unsupported.desktop jdk.xml.dom"
OS_ARCH="x86_64"
OS_NAME="Linux"
SOURCE=""

Environment Variables:
PATH=/usr/local/cuda/bin:/usr/share/cursor/resources/app/node_modules/@vscode/ripgrep/bin:/usr/local/sbin:/usr/local/bin:/usr/sbin:/usr/bin:/sbin:/bin:/usr/games:/usr/local/games:/snap/bin
LD_LIBRARY_PATH=/usr/local/cuda/lib64:/usr/lib/x86_64-linux-gnu:/usr/local/cuda/lib64:/usr/lib/x86_64-linux-gnu:/usr/local/cuda/lib64:/usr/lib/x86_64-linux-gnu:/usr/local/cuda/lib64:/usr/lib/x86_64-linux-gnu:/usr/local/cuda/lib64:/usr/lib/x86_64-linux-gnu:/usr/local/cuda/lib64:/usr/lib/x86_64-linux-gnu
SHELL=/bin/bash
DISPLAY=:0
LANG=uk_UA.UTF-8
LC_NUMERIC=en_US.UTF-8
TERM=dumb

Active Locale:
LC_ALL=LC_CTYPE=uk_UA.UTF-8;LC_NUMERIC=en_US.UTF-8;LC_TIME=uk_UA.UTF-8;LC_COLLATE=uk_UA.UTF-8;LC_MONETARY=en_US.UTF-8;LC_MESSAGES=uk_UA.UTF-8;LC_PAPER=en_US.UTF-8;LC_NAME=en_US.UTF-8;LC_ADDRESS=en_US.UTF-8;LC_TELEPHONE=en_US.UTF-8;LC_MEASUREMENT=en_US.UTF-8;LC_IDENTIFICATION=en_US.UTF-8
LC_COLLATE=uk_UA.UTF-8
LC_CTYPE=uk_UA.UTF-8
LC_MESSAGES=uk_UA.UTF-8
LC_MONETARY=en_US.UTF-8
LC_NUMERIC=en_US.UTF-8
LC_TIME=uk_UA.UTF-8

Signal Handlers:
   SIGSEGV: crash_handler in libjvm.so, mask=11100100010111111101111111111110, flags=SA_RESTART|SA_SIGINFO, unblocked
    SIGBUS: crash_handler in libjvm.so, mask=11100100010111111101111111111110, flags=SA_RESTART|SA_SIGINFO, unblocked
    SIGFPE: crash_handler in libjvm.so, mask=11100100010111111101111111111110, flags=SA_RESTART|SA_SIGINFO, unblocked
   SIGPIPE: javaSignalHandler in libjvm.so, mask=11100100010111111101111111111110, flags=SA_RESTART|SA_SIGINFO, unblocked
   SIGXFSZ: javaSignalHandler in libjvm.so, mask=11100100010111111101111111111110, flags=SA_RESTART|SA_SIGINFO, unblocked
    SIGILL: crash_handler in libjvm.so, mask=11100100010111111101111111111110, flags=SA_RESTART|SA_SIGINFO, unblocked
   SIGUSR2: SR_handler in libjvm.so, mask=00000000000000000000000000000000, flags=SA_RESTART|SA_SIGINFO, unblocked
    SIGHUP: UserHandler in libjvm.so, mask=11100100010111111101111111111110, flags=SA_RESTART|SA_SIGINFO, unblocked
    SIGINT: UserHandler in libjvm.so, mask=11100100010111111101111111111110, flags=SA_RESTART|SA_SIGINFO, unblocked
   SIGTERM: UserHandler in libjvm.so, mask=11100100010111111101111111111110, flags=SA_RESTART|SA_SIGINFO, unblocked
   SIGQUIT: UserHandler in libjvm.so, mask=11100100010111111101111111111110, flags=SA_RESTART|SA_SIGINFO, blocked
   SIGTRAP: crash_handler in libjvm.so, mask=11100100010111111101111111111110, flags=SA_RESTART|SA_SIGINFO, unblocked


Compilation memory statistics disabled.

Periodic native trim disabled

---------------  S Y S T E M  ---------------

OS:
DISTRIB_ID=LinuxMint
DISTRIB_RELEASE=22.3
DISTRIB_CODENAME=zena
DISTRIB_DESCRIPTION="Linux Mint 22.3 Zena"
uname: Linux 7.0.0-30-generic #30~24.04.1-Ubuntu SMP PREEMPT_DYNAMIC Fri Aug  7 13:27:52 UTC 2 x86_64
OS uptime: 0 days 0:12 hours
libc: glibc 2.39 NPTL 2.39 
rlimit (soft/hard): STACK 8192k/infinity , CORE 0k/infinity , NPROC 233271/233271 , NOFILE 1048576/1048576 , AS infinity/infinity , CPU infinity/infinity , DATA infinity/infinity , FSIZE infinity/infinity , MEMLOCK 8223032k/8223032k
load average: 3.50 3.09 1.93

/proc/meminfo:
MemTotal:       65784256 kB
MemFree:        52057148 kB
MemAvailable:   58296044 kB
Buffers:          488712 kB
Cached:          6307452 kB
SwapCached:            0 kB
Active:          9290404 kB
Inactive:        3323660 kB
Active(anon):    6022160 kB
Inactive(anon):        0 kB
Active(file):    3268244 kB
Inactive(file):  3323660 kB
Unevictable:          64 kB
Mlocked:              64 kB
SwapTotal:       2097148 kB
SwapFree:        2097148 kB
Zswap:                 0 kB
Zswapped:              0 kB
Dirty:               692 kB
Writeback:             0 kB
AnonPages:       5818360 kB
Mapped:          1107596 kB
Shmem:            204228 kB
KReclaimable:     352552 kB
Slab:             571576 kB
SReclaimable:     352552 kB
SUnreclaim:       219024 kB
KernelStack:       32800 kB
PageTables:       101400 kB
SecPageTables:      3064 kB
NFS_Unstable:          0 kB
Bounce:                0 kB
WritebackTmp:          0 kB
CommitLimit:    34989276 kB
Committed_AS:   45688612 kB
VmallocTotal:   34359738367 kB
VmallocUsed:      215880 kB
VmallocChunk:          0 kB
Percpu:            13296 kB
HardwareCorrupted:     0 kB
AnonHugePages:         0 kB
ShmemHugePages:        0 kB
ShmemPmdMapped:        0 kB
FileHugePages:    194560 kB
FilePmdMapped:      8192 kB
CmaTotal:              0 kB
CmaFree:         5801984 kB
Unaccepted:            0 kB
Balloon:               0 kB
HugePages_Total:       0
HugePages_Free:        0
HugePages_Rsvd:        0
HugePages_Surp:        0
Hugepagesize:       2048 kB
Hugetlb:               0 kB
DirectMap4k:      729692 kB
DirectMap2M:     8650752 kB
DirectMap1G:    57671680 kB

/sys/kernel/mm/transparent_hugepage/enabled: always [madvise] never
/sys/kernel/mm/transparent_hugepage/hpage_pmd_size: 2097152
/sys/kernel/mm/transparent_hugepage/shmem_enabled: always within_size advise [never] deny force
/sys/kernel/mm/transparent_hugepage/defrag (defrag/compaction efforts parameter): always defer defer+madvise [madvise] never

Process Memory:
Virtual Size: 7956932K (peak: 7956932K)
Resident Set Size: 611820K (peak: 611820K) (anon: 587244K, file: 24576K, shmem: 0K)
Swapped out: 0K
C-Heap outstanding allocations: 54970K, retained: 7265K
glibc malloc tunables: (default)

/proc/sys/kernel/threads-max (system-wide limit on the number of threads): 466542
/proc/sys/vm/max_map_count (maximum number of memory map areas a process may have): 1048576
/proc/sys/vm/swappiness (control to define how aggressively the kernel swaps out anonymous memory): 60
/proc/sys/kernel/pid_max (system-wide limit on number of process identifiers): 4194304

container information not found.
Steal ticks since vm start: 0
Steal ticks percentage since vm start:  0.000

CPU: total 12 (initial active 12) (6 cores per cpu, 2 threads per core) family 6 model 62 stepping 4 microcode 0x42e, cx8, cmov, fxsr, ht, mmx, sse, sse2, sse3, ssse3, sse4.1, sse4.2, popcnt, tsc, tscinvbit, avx, aes, erms, clmul, vzeroupper, clflush, rdtscp, f16c
CPU Model and flags from /proc/cpuinfo:
model name	: Intel(R) Xeon(R) CPU E5-1650 v2 @ 3.50GHz
flags		: fpu vme de pse tsc msr pae mce cx8 apic sep mtrr pge mca cmov pat pse36 clflush dts acpi mmx fxsr sse sse2 ss ht tm pbe syscall nx pdpe1gb rdtscp lm constant_tsc arch_perfmon pebs bts rep_good nopl xtopology nonstop_tsc cpuid aperfmperf pni pclmulqdq dtes64 monitor ds_cpl vmx smx est tm2 ssse3 cx16 xtpr pdcm pcid dca sse4_1 sse4_2 x2apic popcnt tsc_deadline_timer aes xsave avx f16c rdrand lahf_lm cpuid_fault epb pti ssbd ibrs ibpb stibp tpr_shadow flexpriority ept vpid fsgsbase smep erms xsaveopt dtherm ida arat pln pts vnmi md_clear flush_l1d

Online cpus: 0-11
Offline cpus: 
BIOS frequency limitation: <Not Available>
Frequency switch latency (ns): 20000
Available cpu frequencies: <Not Available>
Current governor: schedutil
Core performance/turbo boost: <Not Available>

Memory: 4k page, physical 65784256k(58296044k free), swap 2097148k(2097148k free)
Page Sizes: 4k

vm_info: OpenJDK 64-Bit Server VM (25.0.3+9-2-24.04.2-Ubuntu) for linux-amd64 JRE (25.0.3+9-2-24.04.2-Ubuntu), built on 2026-04-26T09:43:04Z with gcc 13.3.0

END.
